:020000040800F2
:10000000D04B002061020008173300084D030008A0
:100010001533000899270008C93D000800000000BA
:100020000000000000000000000000007302000853
:100030009B27000800000000CF0200086537000879
:100040007B0200087B0200087B0200087B0200089C
:100050007B0200087B0200087B0200087B0200088C
:100060007B0200087B0200087B0200087B0200087C
:100070007B0200087B0200087B0200087B0200086C
:100080007B0200087B0200087B0200087B0200085C
:100090007B0200087B0200087B0200087B0200084C
:1000A0007B0200087B0200087B0200087B0200083C
:1000B0007B0200087B020008513800087B02000820
:1000C0007B0200087B0200087B0200087B0200081C
:1000D0007B0200086D3A00087B0200087B020008E2
:1000E0007B0200087B0200087B02000800F002F897
:1000F00000F0A6F814A696E8000CB244B344DA4522
:1001000001D100F09DF8BAE80F000FA696E8300084
:10011000A5EB040504EB0607AAEB0704A7F101070A
:100120004FEA15154FEA3414A4F10104AC4201D38F
:1001300000F086F813F0010F18BFFB1A43F001031B
:1001400000F001F8DBE71847E0C2000000C3000040
:10015000103A24BF78C878C1FAD8520724BF30C8F3
:1001600030C144BF04680C60704700007047000055
:100170000023002400250026103A28BF78C1FBD8B0
:10018000520728BF30C148BF0B6070476E2900F08E
:100190009E84702900F00782662909F0E1876529AD
:1001A00009F0DE87672909F0DB87612909F0DA8722
:1001B00003681B0A28BF41F08001692900F078819B
:1001C000642900F07581752900F072816F2900F0B3
:1001D0009B87782900F0D381E92900F03587E4294D
:1001E00000F03287F52900F02F87EF2900F098877B
:1001F000F82900F0D2810368DB0928BF41F08001B3
:10020000632900F0B686732900F0BB86E32901F06C
:10021000BD84F32901F0C284002070471FB500F0AF
:10022000E3FB04000020002109F024FE401C606074
:100230000020002109F034FEE0601FBD10B510BDA4
:1002400001F0BEFD1146FFF7E9FF02F077F802F07A
:100250001FF803B4FFF7F2FF03BC02F023F800001D
:100260000948804709480047FEE7FEE7FEE7FEE74A
:10027000FEE7FEE7FEE7FEE7FEE7FEE70448054986
:10028000054A064B704700004D380008ED00000895
:10029000D0450020D04B0020D0470020D047002080
:1002A000EFF3108072B6704780F310887047344ABD
:1002B0001368012B04D04FF001031360314A106022
:1002C000314A116031484FF0805101607047EFF3BF
:1002D000108272B62A48016891B14FF000010160A6
:1002E0002848016829B1EFF3098121E9F00F00687E
:1002F0000160254909680968B1E8F00F81F30988B0
:1003000082F310884EF0040E70471F4908601D49A3
:100310004FF0000008601A494FF0010008601C48C7
:100320001C49D0F8002041EA0201016017484FF053
:100330008051016018480068006880F3088861B641
:1003400062B6BFF34F8FBFF36F8F70471EF0040F7D
:100350000CBFEFF30880EFF3098020E9F00F40F8BD
:1003600004ED1EF0040F0CBF80F3088880F30988A9
:1003700000B507F07FFE5DF804EB4EF0040E704709
:100380001C440020144100201841002004ED00E02E
:1003900020ED00E00000FFFF08ED00E010B500F0E8
:1003A00023FB001D10BD00BFCD9A00001CB50C46FC
:1003B000064B7B4469460090204600F0B0FD0446A1
:1003C0000020694600F0BEFD20461CBD8F0B0000DA
:1003D0000FB41CB50C0007AA009007D04142A142FF
:1003E00002D32044401E01E04FF0FF30074B7B4416
:1003F00069460190069800F092FD0021002C01D082
:10040000009A11701CBC5DF814FB00005D0B00002D
:1004100070B5044685690068C10601D5302600E044
:100420002026C00707D070BDD4E90121304690478F
:10043000206A401C20626D1EF6D570BD70B5044662
:1004400085690078C00707D170BDD4E9012120205B
:100450009047206A401C20626D1EF6D570BD70B5B5
:100460000C460546012A05D02878800600D5EA69A1
:10047000002302E0012305E05B1C934202D2E05C12
:100480000028F9D1A869E618C01AA861286A18449A
:1004900028622846FFF7BCFF04E0D5E9012114F8E3
:1004A000010B9047B442F8D32846FFF7C7FF70BD51
:1004B0002DE9F0410646002410687529314616A53D
:1004C00010D000F099FA002802DA404213A507E0A4
:1004D00031688A0701D512A502E0490704D511A5A4
:1004E000012401E000F091FA00210A2206F124071C
:1004F00009E0B0FBF2FCB0FBF2F302FB1C00303071
:1005000078541846491C0028F3D123462A46304621
:10051000BDE8F04100F082BA000000002D000000AC
:100520002B00000020000000F0B40D4601880905F2
:1005300002D5214C7C4402E01F4C7C440E34002147
:1005400000F1240608E002F00F071209E75D42EA15
:1005500003721B097754491C52EA0307F3D102784E
:100560000023120704D5702D06D009B102231134DF
:100570002246F0BC00F052BA01231034F8E770B5FF
:1005800004460D462146106800F03FFA024629460F
:100590002046BDE870400023C6E7D21D22F00703C5
:1005A000D3E90023C0E70368126843F02003036027
:1005B0000823C3610023B7E72C9D00002DE9F05FFD
:1005C000894604464FF0000ADFF874B1FB44C0F8D6
:1005D00020A02046E1688847002874D0252806D04E
:1005E000D4E901219047206A401C2062F1E70026EF
:1005F0005F462046E16888472028054607DB312D05
:1006000005D2781910F8200C08B10643F1E7B007BD
:1006100001D526F00406C4F81CA00027C4F818A0D1
:100620002A2D09D0284609F0B8FB38B304EB870817
:10063000303DC8F8185019E059F8041B204604EB67
:1006400087029161E1688847012F054618D1E0696A
:10065000002820DA26F020061DE0D8F8180000EB6C
:10066000800005EB40003038C8F818002046E168EB
:100670008847054609F091FB0028EED1012F0AD0EA
:100680002E2D08D12046E16888477F1C0546022FA1
:1006900046F02006C4DBA069002803DA404246F099
:1006A0000106A061F00701D026F010066C2D0BD0DA
:1006B000682D09D04C2D39D06A2D35D0742D35D008
:1006C0007A2D33D016E038E0E1682F46204688477F
:1006D000B842054609D16C2F26D04FF48060E168FE
:1006E000064320468847054604E06C2F1AD04FF495
:1006F000807006430DB3A5F14100192802D82035BA
:1007000046F400664A462946204626604E46FFF7D4
:100710003DFD80B101280BD0F61D26F0070000F149
:10072000080956E74020E4E78020D8E70020D6E714
:1007300006F104094DE7284652E7206ABDE8F09F1C
:10074000BC9C000070B5064600F052F904680546EE
:1007500030460A22002100F069FF2C6070BD401E67
:10076000CAB210F8011F8A4202D00029F9D1002034
:10077000704730B505460B462A4613F8014B12F870
:10078000010B08B1A042F8D01CB1002802D06D1CAA
:10079000F1E7284630BD40EA010310B59B070FD1B1
:1007A000042A0DD310C808C9121F9C42F8D020BAE1
:1007B00019BA884201D9012010BD4FF0FF3010BD99
:1007C0001AB1D30703D0521C07E0002010BD10F867
:1007D000013B11F8014B1B1B07D110F8013B11F82D
:1007E000014B1B1B01D1921EF1D1184610BD40EAEE
:1007F0000103024630B59B0710D14FF0013400E0F1
:1008000008C208C91D1B9D4315EAC41FF8D013F088
:10081000FF0102F8011B0DD01B0AF8E711F8013B9C
:10082000002B02F8013B05D011F8013B002B02F828
:10083000013BF3D130BD10B5431C02E010F8011BA1
:1008400071B18107FAD14FF0013202C88C1A8C4382
:1008500014EAC211F9D0C01A0A0603D0C01E10BD96
:10086000C01A10BD0A0401D0801E10BD0902FCD0C0
:10087000401E10BD40EA010370B59B072ED14FF01A
:100880000136042A2AD308C810C99D1B9D43121F94
:1008900015EAC61517D0D8B2E1B2401A50EA056180
:1008A00010D198B2A1B2401A50EA05410AD123F002
:1008B0007F4024F07F41401A50EA052102D1180EF2
:1008C000A0EB146070BDA342DBD018BA21BA8842F5
:1008D00001D9012070BD4FF0FF3070BD0AB9002072
:1008E00070BD10F8013B11F8014B63B1A3420AD16E
:1008F000521E08D010F8013B11F8014B1BB1A34266
:1009000001D1521EEDD1181B70BD10B5044610F078
:10091000030F08BF11F0030F40F015804FF0013EA8
:10092000121FC0F20E8051F8043BA3EB0E0C2CEA10
:10093000030C1CEACE1C08BF40F8043BF0D0A1F128
:10094000040102F10402521E08DB11F8013B00F819
:10095000013B002BF7D1114600F0D2FE204610BD1E
:100960004FF0013C50F8042B51F8043B9A4221D13E
:10097000A2EB0C03934313EACC1317D150F8042BCA
:1009800051F8043B9A4215D1A2EB0C03934313EAAE
:10099000CC130BD150F8042B51F8043B9A4209D1E7
:1009A000A2EB0C03934313EACC13DBD04FF000000F
:1009B000704700BFD01A01BAB1FA81F101F01801F5
:1009C00022FA01F0CB40DBB2C0B2C01AC1F1200163
:1009D0002CFA01F3D11A914311EAC311E6D1704701
:1009E000704770477047000000487047C000002003
:1009F00000487047A000002009684A0501D540B2B0
:100A00007047C905FCD500B2704709684A0501D591
:100A1000C0B27047C905FCD580B270472DE9F047D8
:100A20000D4699469246044600F12408016888065E
:100A300004D5E06921F01001216000E00120A84206
:100A400001DD471B00E00027A1697A1902EB0900CC
:100A5000081AA0612078C00602D42046FFF7D8FC0F
:100A6000002608E0D4E901211AF806009047206A20
:100A7000401C761C20624E45F4DB2078C0060AD567
:100A80002046FFF7C5FC06E0D4E90121302090475D
:100A9000206A401C2062381EA7F10107F4DC07E041
:100AA000D4E9012118F805009047206A401C206213
:100AB000281EA5F10105F3DC2046FFF7BFFC2078D6
:100AC000000602D50220BDE8F0870120FBE711688F
:100AD0000268006A530501D508700AE0D30501D504
:100AE000088006E0130603D5C217C1E9000200E042
:100AF0000860012070472DE9FF4F0C461E464FF05D
:100B0000FF378BB0D2E90001DDF860800A908A4699
:100B1000C1F30A5505B93D46002108464FF00000D3
:100B2000BAF1000F00F4400005DA00EB80004FF44A
:100B3000400101EA50004FEA9059B9F1010F00DD80
:100B4000B9460A9850EA4A000ED044F61050A5F271
:100B5000FF3545432F14B8F1000F1ED07542291EF2
:100B60001EDDC9F100021CE0B8F1010F4FF00000DA
:100B700001D0302103E0F24305E02154401CB04293
:100B8000FBDB30460022002121540B99C1F808807C
:100B9000C1E900200FB0BDE8F08FBD1B6D1CDEE782
:100BA0004A4600DA694206A801F04CF806AB93E821
:100BB000070003AB83E8070050460A9908F023FCBE
:100BC0008DE80700A0F500501F3800900398002D15
:100BD0000ADD42F21F014A460844002303A903909C
:100BE000684608F0CFFE09E0A0F500504A461F38DD
:100BF000002303A90390684608F0EEFE8DE8070085
:100C00000004000C03D04FF0FF30410800E0104614
:100C1000B8F1000F03D00022009215461EE0751EA9
:100C200005D400F0A6FD303262556D1EF9D5B346ED
:100C30000122084302D000227F1C04E020783028E3
:100C400001D100227F1E002A099784D01DE0112DBA
:100C500007DA00F08EFD303262556D1C50EA010259
:100C6000F5D1084302D00098C8B10EE00021681EFB
:100C700005E0235C625C63542254401E491C81429F
:100C8000F7DBAB46A81B401E0990002004F80B00C0
:100C90000B98099AC0F80880C0E9002B7AE7112662
:100CA0004FF0000857E72DE9F04F88460446D21D63
:100CB00022F0070191B0D1E90001CDE90A0108F065
:100CC000D7FF02460B98C00F01D02D2007E0206807
:100CD000810701D52B2002E0202101EAC000032A70
:100CE000099001D0072A05DB03464146204600F063
:100CF00003FF0BE12078800601D5E06900E00620C3
:100D0000B8F1650F814606D0B8F1660F18D0B8F17A
:100D1000670F70D131E00020B9F1110F009001DBB5
:100D2000112301E009F101030AAA01A90CA8FFF7A8
:100D3000E2FEDDE90C70002609F10105834647E07B
:100D400001204B4600904FF000470AAA01A90CA8C9
:100D5000FFF7D1FEDDE90DB00C995D46002610B914
:100D600009F101000D18B9EB050003D4C0F1FF36FD
:100D700009F10105A5EB09002BE0B9F1010F01DA3A
:100D80004FF001090020B9F1110F0090484601DD34
:100D9000112300E003460AAA01A90CA8FFF7ABFE45
:100DA000DDE90C704D4600268346207800070AD402
:100DB000AB4500DA5D4601A8012D04DD411911F8AB
:100DC000011C302907D04F4502DA17F1040F04DA6D
:100DD000012082460FE06D1EEEE7002F02DCED1BC6
:100DE0003E4403E0781CA84200DD7D1CB81B00F1E6
:100DF000010A4FF000472078000703D4AA4501DB21
:100E00004FF0FF3A0021B7F1004F0DF143088DF884
:100E1000431024D002202B23002F01DA7F422D2300
:100E20000A21021EA0F1010000DC5FB197FBF1FC7A
:100E300097FBF1F201FB1C7C17460CF1300C08F813
:100E400001CDEEE7A8F1010003702188090501D565
:100E5000452100E06521A0F1010800F8011C099876
:100E60000FA9A1EB0807FF1D00B10120411901EBFB
:100E7000EA70A1693844081A401EA0612078C006B3
:100E800002D42046FFF7C4FA099828B1D4E9012119
:100E90009047206A401C20622078C00622D5204658
:100EA000FFF7B6FA1EE0002E04DBB34502DD01A811
:100EB000805D00E03020D4E901219047206A401C89
:100EC0002062761CAAF101005FEA000A0AD1FFF74E
:100ED0008BFDC0680168405CD4E901219047206A1D
:100EE000401C2062281EA5F10105DCDC07E0D4E9E6
:100EF000012118F8010B9047206A401C2062381E1F
:100F0000A7F10107F3DC2046FFF798FA032011B0A0
:100F100041E6000001694A1C02610878704700B58B
:100F20008FB0CDE901310021059105497944CDE922
:100F3000031011466846FFF741FB0FB000BD0000EB
:100F4000E5FFFFFF0A6802F8010B0A607047D1E96C
:100F500000239A4202D2531C0B601070704710B5E8
:100F6000436913B1AFF3008001E0FFF778FA012085
:100F700010BD127800F124010A7000224A7001228B
:100F8000EDE711684FF0FF32E9E700002DE9FF5F60
:100F900015468A460446DFF8AC80F8440027D8E9B5
:100FA00000103E46CDE9001010E03AF816106A46EF
:100FB00002A800F0B9FE411C07D02178890603D5AC
:100FC000E269391891420DD80744761C20788006D2
:100FD00002D5E069B84205DDAE42E6DB3AF816001C
:100FE0000028E2D1A069C01BA0612046FFF710FADB
:100FF000D8E90010CDE90010002017E03AF81810E9
:101000006A4602A800F090FEB0F1FF3F81460BD087
:1010100000250DF1080B05E0D4E901211BF80500BE
:1010200090476D1C4D45F7D308F10100B042804652
:10103000E4DB206A384420622046FFF7FFF9BDE870
:10104000FF9F0000029300002DE9F0418046D21D71
:1010500022F007020025D2E90002F52915A614D0D6
:10106000011E72F1000106DA0023D0EB030063EBEE
:10107000020211A608E0D8F800108B0701D50FA6D0
:1010800002E0490701D50EA601251146002408F10A
:10109000240704E000F06DFB30323A55641C50EA3E
:1010A0000102F7D12B46324621464046BDE8F041C9
:1010B000FFF7B4BC000000002D0000002B00000072
:1010C0002000000030B4002100F1240408E002F008
:1010D0000705D208303542EA4372DB086554491CE3
:1010E00052EA0305F3D10468002310A2250708D5AE
:1010F00004F020040C4304D0C46901230CA2641E34
:10110000C46130BCFFF78ABC10B5044621461068A4
:10111000FFF77BFC02462046BDE810400023D1E7E4
:10112000D21D22F00701D1E90023CBE70000000027
:10113000300000002DE9FF4F06468BB00878FF28ED
:1011400006D0491C2D2805D000244FF0000908E0E6
:1011500000200CE00124F8E709EB8903491C00EBAF
:1011600043090878FF28F7D114B1C9F1000081467E
:10117000107800252C46AA4629462D2801D02B2878
:1011800004D1521C2D2813D0002082468B461078A3
:10119000FF280FD04FF0000C0A21521CA5FB01784C
:1011A00004FB018105FB0C11C5194BEB0104EEE7B3
:1011B0000120EAE7002108464FF00000BAF1000FD5
:1011C00002D000EB80004008C0F38157012F01DD01
:1011D0004FF0FF370E9955EA040009EB01080BD0D8
:1011E0004FF0020918F5FA7F16DA4FEACA70002F9D
:1011F000706008DD012007E04FEACA70C6E900B060
:101200000FB0BDE8F08F00203060FFF7F1FBC0F8B1
:1012100000901821084616E0B8F5FA7F18DD002F77
:1012200002DAF748784401E0F6487844D0E9001043
:10123000C6E9001040EACA707060FFF7D9FBC0F839
:101240000090142108460FB0BDE8F04F08F085BFAC
:10125000002108464FF00000B8F10001099002DAC1
:10126000C7F1000200E03A4601DAC8F1000106A821
:1012700000F0E8FC06AB93E8070003AB83E8070047
:1012800044F23E005BEA04010090584604D144F267
:101290001E012C465D460091210C0904014306D134
:1012A0000099240444EA15442D041039009104F0F7
:1012B0007F41014306D10099240244EA15642D02BE
:1012C0000839009104F07041014306D100992401CE
:1012D00044EA15742D01091F009104F040410143B7
:1012E00006D10099A40044EA9574AD00891E0091CE
:1012F00004F00041084304D100986D196441401E78
:1013000000904FF001033A466846B8F1000FCDE96E
:10131000014503A902DD08F074FB01E008F047FB7A
:10132000BAF1000F04460D4601D084F000440021BC
:1013300008464FF00000099940F2FF77484010F04E
:101340000C0F07D124F00040284303D0C4F30A5007
:10135000B84212D1FFF74CFBC0F80090C4F30A501A
:10136000B8420AD1A8487844D0E90010C6E9001074
:1013700004F000410843706042E7C6E900543FE7CB
:101380002DE9FF4F1F464FF0000A4FF0FF3845464A
:1013900091B0D7E90146CDF83CA0FFF725FBC06826
:1013A0000168405C1090B96912986D1C8847396AD1
:1013B000814688470028F6D1B9F1FF3F0AD0002EB8
:1013C00024F4D06411DDB9F12B0F08D0B9F12D0F41
:1013D0000BD102E0404615B013E744F48064B969CC
:1013E00012986D1C8847761E8146600504A901D5B8
:1013F0002D2000E02B20002E01F1010B0DF1300813
:101400008DF810003FDDB9F1690F08D0B9F1490F2F
:1014100005D0B9F16E0F02D0B9F14E0F1CD13B4689
:1014200001A8009580E85002DDE912126FF0020079
:1014300008F0FEFEC11CCED10EE0B96912986D1CF9
:10144000884781461398761E44F4007405600F980F
:10145000401C002E0F9016DDB9F1300FEDD0B9F120
:10146000780F02D0B9F1580F0DD10F9801280AD189
:101470003B46CDE90054DDE91212001F029608F048
:10148000D5FEC11CA7D1109989453ED144F08004F6
:1014900006E01399681CAAF1010A44F4007408607C
:1014A000B9696D1C1298761E884730288146F0D0A5
:1014B0002BE01099894505D1200603D4761E44F00F
:1014C000800418E0484608F068FC08B3761E0DF169
:1014D00023029345A9F1300044F4007406D20BF8BE
:1014E000010B200607D5AAF1010003E0200602D473
:1014F0000AF101008246A00502D51399681C086014
:10150000B96912986D1C88478146002ED1DC53E0E2
:10151000002E51DDB9F1650F02D0B9F1450F4BD165
:10152000A00549D5B9696D1C1298761E24F4407443
:101530008847002E81460CDD2B2804D0B9F12D0FF1
:1015400007D144F48074B96912986D1C8847761EDF
:101550008146E00501D52D2100E02B2108F8011B73
:10156000CDF8008021E0761E0DF13901884544F464
:1015700000740CD2A9F1300010F0FF0088F80000D0
:1015800002D10099884509D908F1010806E0E00573
:1015900001D51E4801E042F20F708246B9691298E7
:1015A0006D1C8847814613980560002E04DD48466F
:1015B00008F0F3FB0028D6D1F96912988847FF207C
:1015C00053468BF8000088F8000000200A900B902A
:1015D00004AA0CA90AA8FFF7ADFDA00502D46FF07C
:1015E0000100F8E614F0240F12D0E0071CD138688F
:1015F000DDE90A12031D3B600068C0E9001213E038
:1016000028B200001AB20000DEB00000F1D8FFFFDF
:101610000AA9684608F050FBE00705D13868009A2F
:10162000011D3960006802602846D4E62DE9F047C4
:1016300091460F4680460446002614F8015B2DB102
:10164000FEF7ACFE0068405DC007F6D12B2D02D03E
:101650002D2D18D0641E4A463946204600F0A2FAC5
:1016600027B13968A14201D1C7F800804FF00204C8
:1016700071050BD54042002803DDFFF7B9F904607E
:10168000A007BDE8F08746F48066E4E70028F8DAB2
:10169000FFF7AEF904606FF00040F2E710B5203AB2
:1016A000C0F00B80B1E81850A0E81850B1E818500D
:1016B000A0E81850203ABFF4F5AF5FEA027C24BFDF
:1016C000B1E81850A0E8185044BF18C918C0BDE8C8
:1016D00010405FEA827C24BF51F8043B40F8043B91
:1016E00008BF7047D20728BF31F8023B48BF11F846
:1016F000012B28BF20F8023B48BF00F8012B7047A0
:101700004FF000020429C0F0128010F0030C00F02A
:101710003183CCF1040CBCF1020F18BF00F8012B8F
:10172000A8BF20F8022BA1EB0C0100F023BB5FEA5D
:10173000C17C24BF00F8012B00F8012B48BF00F842
:10174000012B704700487047A0000020B2F1200331
:101750000AD5C2F1200301FA02F120FA03F341EAAB
:10176000030100FA02F0704700FA03F14FF00000A5
:10177000704730B5B0F10A0271F100034FEA900EE4
:101780004EEA817EB0EB0E0061EB91014FEA101E34
:101790004EEA017E10EB0E0041EB11114FEA102EC4
:1017A0004EEA016E10EB0E0041EB11214FEA104E94
:1017B0004EEA014E10EB0E0041EB1141401841F191
:1017C00000014FEAD00040EA41704FEAD1014FEAF0
:1017D000810444EA907410EB800544EB01046D1918
:1017E00044EB0404521BA3414FF0000348BF0A32EC
:1017F00000D530BD401C41F1000130BD2DE9F04F56
:1018000004460D46D21D22F0070089B0D0E90097AA
:101810004846394608F02CFA0246F80F01D02D232D
:1018200007E02068810701D52B2302E0202101EA8F
:10183000C0038DF820300BB1012000E00020032A06
:10184000824601D0072A04DB2946204600F054F9DD
:101850003FE12078800601D40D2500E0E569C7F35B
:101860000A560D2D49DA00214FEA175B08464FF062
:101870000000002F00F4400007DA00EB80004FF476
:10188000400100EBD07001EA60008115012901DD03
:101890004FF0FF3100224FEA850CBCF1180F06D340
:1018A0001346ACF118004FF08052C24003E04FF4F1
:1018B000801323FA0CF30CF10C0CBCF1200F04D3B1
:1018C000ACF1200C09FA0CF001E007FA0CF0002949
:1018D0004FF0004801DD18B90FE00ED140450CD3A0
:1018E00019EB02095F4121B9404502D19F4329EA22
:1018F0000209BBEB175F00D0761C2088000502D5DB
:101900007B48784402E07A487844193808AA3023A2
:1019100002F80A30037C0AF10101002E0AF1020AE2
:1019200053546A4602DC4FF0300101E04FF03101C0
:101930004FF001088DF8001002D0A6F2FF3603E048
:1019400059EA470100D06B4E002D02DC21780907CF
:1019500004D54FF002082E218DF80110C446002155
:101960000BE0C7F303433F01C35C491C6D1E02F843
:101970000830052908F1010801DA002DF1DC002109
:101980000CE000EB1973491C1B786D1E082902F846
:1019900008304FEA091908F1010801DA002DF0DCDE
:1019A00021688B0602D516E0A8F10108E04505DDA7
:1019B00002EB080313F8013C302BF5D0B8F1000F0F
:1019C00009DD02EB080313F8013C2E2B03D10907B4
:1019D00001D4A8F10108002D05DD3E2102F8081010
:1019E0006D1E08F10108407C002E02F8080008F185
:1019F000010804DA2D20764202F8080002E02B20CC
:101A000002F808000A214FF47A70864208F10108B2
:101A10000BDB96FBF0F3303302F8083096FBF0F363
:101A200008F1010800FB136601E0642E0CDB642062
:101A300096FBF0F3303302F8083096FBF0F308F130
:101A4000010800FB136601E00A2E06DB96FBF1F0AD
:101A5000303002F8080008F1010896FBF1F001FBB4
:101A60001060303002F80800A16908F1010808EBA5
:101A7000050202EB0A00081AA0612078C00602D411
:101A80002046FEF7C5FC216A08AE01EB0A00206281
:101A900004E0D4E9012116F8010B9047BAF1010ADC
:101AA000F7D22078C00602D52046FEF7B1FC6E467C
:101AB00009E016F8010B3E280FD0D4E90121904728
:101AC000206A401C2062B8F10108F2D22046FEF7DD
:101AD000B5FC09B00320BDE8F08F206A28442062DD
:101AE00003E0D4E90121302090476D1EEBD3F8E7E5
:101AF000B589000002FCFFFF2DE9F0411F460446B6
:101B000003260168072A01F4006004DB08B116A56A
:101B100005E016A503E008B115A500E015A521F024
:101B200010002060A069C01EA0610FB1401EA0611E
:101B30002046FEF76DFC4FB1D4E9012138469047AD
:101B4000206A401C2062C01C206206E0206AFAE77E
:101B5000D4E9012115F8010B9047761EF8D22046F2
:101B6000FEF76CFCBDE8F0814E414E006E616E00E8
:101B7000494E4600696E660010B5436913B1AFF374
:101B8000008001E0FFF702FA012010BD128800F189
:101B9000240182840022C2840122EDE711684FF003
:101BA000FF32E9E72DE9F05F824615468B460027B4
:101BB0000AF10104B9460078302801D09DB113E044
:101BC00014F8010B0127782803D0582801D045B11B
:101BD0000AE00DB1102D07D1002714F8010B1025D4
:101BE00002E0082500E00A250026B0460EE005FBCD
:101BF000080005FB06F101271FFA80F801EB1046EB
:101C0000B6F5803F00D3B94614F8010B294600F021
:101C100007F90028EBDABBF1000F05D00FB1641E05
:101C200000E05446CBF80040B9F1000F06D0FEF7B3
:101C3000DFFE02210160C81EBDE8F09F48EA0640B1
:101C4000FAE700002DE9F047814616468AB035488C
:101C500078440DC88DE80D0032487844801C03ACF0
:101C60000DC884E80D0041F69B300844372190FBF5
:101C7000F1F290FBF1F5A5F1800501FB12041B3C8C
:101C800002D56442012000E00020DFF898A08046E1
:101C90000027FA44AAF1BE0A0EE0E0070AD0324655
:101CA000684607EB470101230AEB810107F094FE28
:101CB0008DE8070064107F1C002CEED1194F7F4483
:101CC000AE3F19E0E80715D007EB04100DF1180A34
:101CD00090E80E008AE80E00C068F04201D1981921
:101CE00008903246012306A903A807F075FE03AB4E
:101CF00083E807006D10641C002DE3D14FF0010351
:101D000032466946B8F1000F03A802D007F03AFE48
:101D100001E007F061FEC9E90001C9F808200AB036
:101D2000BDE8F087F88600002DE9F04116460C4624
:101D30000546FEF733FB036893F80101012807D03D
:101D4000FF2C12D8185D80B101202C70BDE8F08105
:101D5000D3F807013246214603F20713C718284675
:101D6000BC46BDE8F041002360474FF0FF30EDE78F
:101D70004FF0000200B5134694469646203922BF24
:101D8000A0E80C50A0E80C50B1F12001BFF4F7AF6F
:101D9000090728BFA0E80C5048BF0CC05DF804EB51
:101DA000890028BF40F8042B08BF704748BF20F8BF
:101DB000022B11F0804F18BF00F8012B70477047BD
:101DC0007546FFF7BFFCAE4605006946534620F056
:101DD0000700854618B020B5FEF750FABDE8204050
:101DE0004FF000064FF000074FF000084FF0000BD7
:101DF000AC46ACE8C009ACE8C009ACE8C009ACE846
:101E0000C00921F007018D46704710B5FEF7F0FDBF
:101E1000006810BD10B50446FEF7EAFD046010BD71
:101E20003A2800D2303820F02002412A01D3A2F112
:101E30003700884201D34FF0FF3070472DE9FF4F44
:101E40001F464FF03C0987B04FF00042DDE9141007
:101E500001F10108DDF858A002EA4050039000208B
:101E600005908346054604460490B969461E0898C5
:101E70008847AAF1010A0290BAF1000F3BDD0298EF
:101E80002E2815D01021FFF7CBFF00282EDB4FF0B6
:101E9000010B0599014317D0B9F1000F0BDB4A463E
:101EA000C117FFF753FC05430C43A9F1040905E0F2
:101EB000012004900BE008B145F0010501200590D8
:101EC000049820B9361D02E0049800B1361FB969A4
:101ED000089808F101088847BBF1000FAAF1010A30
:101EE0000290C9D00999C1F80080C5E7029870280E
:101EF00008D0502806D0F96908988847BBF1000F30
:101F000014D04FE0002002900120BBF1000F04909C
:101F100009D0B969089808F101088847AAF10109B0
:101F2000B9F1000F07DCF969089888476FF00100E4
:101F30000BB0BDE8F08F2B2804D02D280CD14FF02A
:101F4000FF300490B969089808F101088847A9F1A1
:101F50000109B9F1000FE6DD411CE4D00A21FFF7C9
:101F60005FFF0028DFDB029908F1010801EB810126
:101F700000EB41000290B969089888470A21FFF7F1
:101F80004FFF099AA9F10109B9F1000FC2F80080C9
:101F900001DD0028E7DAF969089888470499029872
:101FA00000FB016655EA040004D004F0404109003A
:101FB00002D006E0039898E0A40044EA9574AD00CE
:101FC000B61E04F00041080002D16D196441761E6E
:101FD000159810F0240F03D04FF00B095C4803E074
:101FE0004FF028096FF07D008246564507DAAAEBCC
:101FF00006018944B9F1410F01DD4FF0410901208B
:102000000021A9F10102FFF7A1FB024628400B467F
:102010002140084301D0012100E00021501E02911F
:1020200043F1FF3128402140084301D0012000E066
:1020300000200299834651EA0B014FD00021084647
:102040004FF00000039900F4400039B100EB80002C
:102050004FF4400100EBD07001EA600080150128C8
:1020600002DD4FF0FF3000E013D0401C36D0029864
:1020700060B3BBF1000F0CD14A4601200021FFF7ED
:1020800065FB28402140084301D0012000E00020EA
:10209000E0B101204A460021FFF758FB03464019F2
:1020A0000A4661412D1A8C4111D3B9F1400F09DD67
:1020B000159810F0240F02D0AAF1340603E0AAF11B
:1020C000170600E0761C00254FF0004406E05B1E7A
:1020D00042F1FF3220EA030521EA0204CAF10100BD
:1020E000B04206DA1B490398084301900020009093
:1020F0000EE0039AC4F3D321E80A0A43164940EAE2
:1021000044500A433146CDE90002684607F03AFEE2
:10211000159810F0240F0BD01598C00715D138680A
:10212000DDE90012031D3B600068C0E900120CE00D
:1021300002A8694607F0C0FD1598C00705D13868A8
:10214000029A011D3960006802604046F0E6000016
:1021500002FCFFFF0000F07F0000F03F2DE9FF4F81
:1021600092461D4685B04FF00041DDE9124BDDE996
:1021700014727F1E01EA4B50414940F0FF4940EA8A
:102180000108002122F020004928049102D04E28A5
:1021900028D04CE03BA0012607C88DE80700A969BC
:1021A0000698641C88477F1E014606D41DF8060069
:1021B00018B121F0200181420BD0E96906988847C7
:1021C000032E34D0082E32D06FF0010009B0BDE8E4
:1021D000F08F761C032E01D0082EE0D1601CCAF8C7
:1021E0000000DCE7A9690698641C88477F1E2AD492
:1021F00020F02000412826D1A9690698641C884750
:102200007F1E20D420F020004E281CD1A9690698FA
:10221000641C88477F1E48F4002849F48009CAF8E6
:10222000004001D4282806D0E969069888475FEA6B
:10223000CB7012D022E0A9690698641C88477F1EE3
:1022400001D4002803DAE96906988847BCE7292801
:10225000F1D1641CCAF80040E9E71BF0240F07D055
:1022600028680499031D2B600068C0E9001805E088
:102270002868021D2A600068C0F800902046A5E783
:102280000000F07F494E46494E4954590000000075
:1022900010B50446AFF300802046BDE81040FDF7BE
:1022A000D8BF000001491820ABBEFEE7260002009F
:1022B000032A40F2308010F0030C00F0158011F872
:1022C000013BBCF1020F624498BF11F801CB00F84A
:1022D000013B38BF11F8013BA2F1040298BF00F89E
:1022E00001CB38BF00F8013B11F003033FF4D6A93E
:1022F000083AC0F0088051F8043B083A51F804CB82
:10230000A0E80810F5E7121D5CBF51F8043B40F847
:10231000043BAFF30080D20724BF11F8013B11F852
:1023200001CB48BF11F8012B24BF00F8013B00F896
:1023300001CB48BF00F8012B704700002DE9F043A6
:1023400085B0FDF7ADFF00F043FDD44C206800F0F0
:102350000C0004283DD154F8040C01F093F94FD13E
:10236000206800F47410B0F5E81F6CD1CE48016805
:1023700011F0060F0AD10168022262F30201016026
:10238000016801F00701022940F08980216841F4C9
:10239000E0612160216841F460512160216821F0F1
:1023A000F001216054F8041C890178D521680222CB
:1023B000BB4E62F3010141F288322160716C2368E7
:1023C00003F00C03082B42D0736C5B1A9342F6D9CE
:1023D00065E001F057F902D12068C003BBD454F87E
:1023E000040C40F4803044F8040CAD48416C54F8BF
:1023F000042C9203B1D4426C521A642AF7D922E019
:10240000A84900200860A648426C54F8043C9B018F
:1024100004D5436C9B1A022BF7D914E0226822F4EE
:1024200000322260226822F4741202F5E81222605F
:1024300001220A60416C54F8042C920196D4426C3B
:10244000521A022AF7D9EFF3108072B6FEE701683C
:1024500001F00701032909D30168022262F3020196
:102460000160006800F00700022818D120680421EC
:102470008E4D61F30A202060206820F460502060B7
:10248000216801F00C000828284614D1C1F38340CC
:1024900087A2C903105C06D48A4948430BE0EFF3D6
:1024A000108072B6FEE7216885A26843C1F34041FF
:1024B000515CB0FBF1F02168DFF80C82DFF80C9280
:1024C000C1F3031118F80110C840317AC9F80000AF
:1024D0001020002918BF0F2000F0ACFC206802215A
:1024E00061F38F30206001F0CDF80ED120682168B3
:1024F000C0F383400230C90304D52168890301D4A5
:10250000454302E06F4900FB01F57148714B00271C
:102510000C214FF4E132C9F80050C0E90032C0E9A3
:102520000277C0E90471C0E906772168C1F303119D
:1025300018F8011025FA01F1C9F8001000F032FD79
:10254000002840F0A880D9F800004FF47A71B0FB61
:10255000F1F00138B7EB106F08D15F49F022486005
:102560005E48027000208860072008605C4C5D4D6A
:10257000AC4202D201CC8047FAE75B48C11C21F093
:10258000030400F5105121F00301091B0A1822F081
:102590000305192D05D304F13800A5F11801814276
:1025A00005D2514954A005F0FBFE002424E004F1BB
:1025B0003B00002138224FF0000820F0030720469E
:1025C00005F0B0FF494A0C2106F0C4F8E81B48A208
:1025D000C7F80880A7622763A0F10C011838C4E986
:1025E00005276063E06144F00100C7E9004145E967
:1025F000021145F80C0DE5624E483C49F465443043
:1026000005F0B2FF06F0C8F906F16C004A49C6E9C8
:102610001B000020F081B0F5807F04D00A180A501A
:1026200052600830F7E7002046494FF4C0620A23A1
:1026300030661420009041A006F05DFA06F0E8FA3A
:1026400002AC0022204606F005FA3F4D0121224649
:10265000284606F07FF820201F213D4A4FF4807362
:10266000CDE900103949284601F046FC284606F01D
:10267000CFFA04A801F0E6FB0446706606F034F9D0
:10268000032084F8340004F11C00FDF73EFE002016
:1026900005B0BDE8F08300F081F800BF04100240EF
:1026A00000010020600042420020024000127A0037
:1026B00002030405060708090A0B0C0D0E0F101083
:1026C0000102000000093D00E8B500081C000020E0
:1026D000D41600200048004010E000E023ED00E0A8
:1026E00070C3000874C30008141D002073C20008E2
:1026F000736D616C6C0000006D656D20696E6974AE
:102700002C206572726F7220626567696E20616449
:10271000647265737320307825782C20616E642094
:10272000656E642061646472657373203078257807
:102730000A000000740100201C4200206D61696ED7
:1027400000000000296E00081C170020358B0008CF
:102750001C43002010B501688A68D20701D100200F
:1027600010BD8A6822F001028A60D84A536C8C68D6
:10277000E407F4D0546CE41A032CF8D38C68E40713
:10278000F5D0816A41F010018162C16A41F0010116
:10279000C162012010BD00BFFEE77047EFF310805B
:1027A00072B6FEE778B500210091D64991F84C2029
:1027B000012A04BF022078BD4468012281F84C2020
:1027C000062C0ED804EB840302681F25053B02FA91
:1027D00003F49D408B6A5E6B26EA05052C435C631F
:1027E00017E08B6A04EB84020C2C09D8A2F12304B5
:1027F00000F041FF1E6B26EA04042C431C6308E032
:10280000A2F1410400F037FFDE6A26EA04042C43FB
:10281000DC6202EB4204092A19D980681E3C0725B4
:10282000A04005FA04F4DD6825EA04042043D860DA
:1028300022F00100102813D11848A0F10804A34287
:1028400013D0086D40F020000865012009E0072240
:102850001D698068A24025EA0202A0401043186169
:102860000020002281F84C2078BD03681B02F7D4B9
:102870000368102A43F400030360F1D19148924A9F
:102880000068B0FBF2F000EB800040000090009880
:102890000028E5D000980138F8E700BF082401407F
:1028A000F8B50021894D974C00916E6CA06A826842
:1028B000D20558D44168C90503D4C16A11F4700F18
:1028C00030D08048076800F05DFB3C4902223C4B59
:1028D0000968C1F3813102EB4101B0FBF1F0B7FBB4
:1028E000F0F1A06A374F02693A4203D1C268364F0D
:1028F0003A4240D002691A4203D1C268334B1A42AD
:1029000043D00769324BFC221F423FD1C7681F42A8
:1029100008BF54223AE0696C891B652902D301681B
:10292000890742D501688907F5D56FF0120101606A
:10293000216D41F400712165806800F46021002060
:10294000B1F5602F0ED194F8341059B9206D20F4F0
:1029500080702065206DC00403D4206D40F001001C
:1029600020650020F8BD84F84C10206D40F0200058
:1029700020650120F8BD076929221F4206D1C368DE
:10298000124F3B4208BF142200E054225143009AE8
:102990008A42CAD26A6C921B652A02D3009A8A4282
:1029A00003D3009A01320092F1E7002084F84C0032
:1029B000206D40F0040020650320F8BD04100240A3
:1029C00092244912244992242449920092244900D5
:1029D00049922400B8B54B4991F84C00012870D0B9
:1029E00000200090886A8268D20726D18268364B20
:1029F00042F001028260334A1268B2FBF3F20092A5
:102A0000009A12B1009A013AF9E7304A536C84688F
:102A1000E40712D1546CE41A032CF8D38468E40759
:102A2000F5D1086D40F010000865486D40F00100D8
:102A30004865002081F84C00B8BD0A6D40F20133B2
:102A40009A4302F580720A65214A02F57F73984223
:102A500005D00C6D24F480140C65446808E01468FB
:102A600014F4702FF5D00C6D44F480140C651468C8
:102A7000640504D50C6D012565F30D340C650C6DF2
:102A80000025E40444BF4D6D25F006054D656FF04B
:102A900002050024056081F84C40816801F4602142
:102AA000B1F5602F05D1984207D1116811F4702F4C
:102AB00003D0816841F4801102E0816841F4A001F3
:102AC0008160B8BD1C00002040420F0000010020C2
:102AD0000424014010B50B4C94F84C00012810D090
:102AE000012084F84C0004F12800FFF733FE28B9D8
:102AF000206D41F20111884301302065002084F8E7
:102B00004C0010BDDC01002090F82110022915D1E5
:102B100010B50168D0E90F230C6824F00E040C6096
:102B20000C6824F001040C60012101FA03F35360E6
:102B300080F821100021BDE8104002E004218163EB
:102B40000121002280F82020084670472DE9F84F27
:102B5000934A4FF0000C4FF001084FF00F099042DC
:102B60004FF0040208BF0322009200238D4AA2F511
:102B70007E7A31FA03F208BFBDE8F88F08FA03F253
:102B800012EA010749D023F003025AF802B08D4A35
:102B9000904208D08C4A904207D08C4A009E9042C6
:102BA00008BF022602E0002600E001260CF00C021D
:102BB00009FA02F59640FA430BEA0504B44217D12C
:102BC000784C4FEA930B26681640266066681640DC
:102BD0006660754EB64636681640CEF80060A66848
:102BE0001640A6605AF82B6026EA05054AF82B50D5
:102BF00064460646B7F5807F28BF203C28BF0436D0
:102C0000376809FA04F527EA0505042707FA04F4EA
:102C10002C433460C4682240C2600CF1040C0133C0
:102C2000A7E700BF2DE9FC4F5D4A04234FF0000ADF
:102C30004FF001084FF00F0E4FF00009904208BF0F
:102C40000323009300250A6832FA05F408BFBDE8A3
:102C5000FC8F08FA05F712EA070C00F09D804C681B
:102C6000032C16D9112C24D0122C26D04F4A944272
:102C700013D04F4A944210D04E4A94420DD04E4A3F
:102C800094420AD04D4A944207D04D4A944204D00F
:102C900020E0DFE804F00216191D8C6834B1012C25
:102CA00014BF476107614FF0080913E04FF00409B2
:102CB00010E0CC6804F104090CE0CC6804F10C09C4
:102CC00008E0D1F80C9005E0CC6804F1080901E0B7
:102CD0004FF0000954460746BCF5807F28BF203CD2
:102CE00028BF04373B680EFA04F609FA04F4B3432C
:102CF00023433B60CB79DB064ED54C4A136843F047
:102D0000010313601368274A03F00103A2F57E74E0
:102D10002C4A0193019B904225F0030354F803B021
:102D200008D0294A904207D0284A009E904208BF06
:102D3000022602E0002600E001260AF00C03AA08A1
:102D40000EFA03F706FA03F3174E2BEA07073B4385
:102D500044F82230134B4F68FA029A6854BF22EAB3
:102D60000C0442EA0C049C60BA02326854BF22EAA6
:102D70000C0442EA0C043460BA035A6854BF22EAD5
:102D80000C0442EA0C045C60FA031A6854BF22EA9D
:102D90000C0242EA0C021A600AF1040A013552E7F9
:102DA00000140140000401400C0401400000111017
:102DB000000012100000211000002210000031104D
:102DC0000000321000080140000C014000100140DA
:102DD000E0B553484FF6FF02016841F01001016071
:102DE000614801681140104A114301600F2000F052
:102DF00021F8D7480222016841F001010160016811
:102E000001F0010101910199416841F08051416057
:102E1000406800F08050009000980548016862F317
:102E20001A6101608CBD00BF0003FA051810024052
:102E3000040001407CB504465848816941F0040112
:102E40008161816901F004010191019901680168C2
:102E5000066800683248006800F08AF80025314AA8
:102E6000314940F2E73316F4E066956118BF012658
:102E7000B040C2E9025315612C4EB0FBF6F00138A8
:102E8000C2E9001092F83D600EB982F83C5002256C
:102E900082F83D500D6825F47C750D60CB62886228
:102EA000012048610B69DB0703D00B6923F00103A4
:102EB0000B6182F8460082F83E0082F83F0082F8FB
:102EC000400082F8410082F8420082F8430082F814
:102ED000440082F8450082F83D0092F83D00012848
:102EE0001CD1022082F83D00C86840F00100C86093
:102EF000886800F00700062803D0086840F0010049
:102F000008600B484FF080410F2C016006D81E204E
:102F10000F2100F00FF8E148012101727CBD00BFD4
:102F200000200240441600200008004040420F00EC
:102F300000E100E010B50C4A4FF0FF341268C2F314
:102F40000222D31E82F0070238BF0023042A28BFC2
:102F5000042204FA02F29143044A9940090162F3FF
:102F60001F20017010BD00BF0CED00E0E400E00088
:102F700009480A490A4A00680968C1F30221515CFC
:102F8000C840704704480549054A00680968C1F30C
:102F9000C221515CC84070471C0000200410024050
:102FA00018B6000868B32DE9F04186B0044690F8E1
:102FB0004100644D38B3242041F20C6684F841008E
:102FC0002068D4E90212C36823F40053C360036984
:102FD00023F440531A4302612269C36811436269B2
:102FE000B34311431943C1604169A26921F440719F
:102FF0001143416105F54051884243D0FFF7B8FFC6
:1030000042E00120704720684F49002784F8407053
:10301000CDE90477CDE90277884266D04B498842F2
:10302000C9D14B48016841F480410160016801F455
:10303000804101910199016841F00401016000683B
:1030400000F00400019003200590022003904FF44B
:1030500000700290019802AE28463146FFF7E2FD6B
:1030600000203146CDE903004FF4806002902846ED
:10307000FFF7D8FD25200021FFF75CFF3548202110
:10308000016098E7FFF77EFF1921334D4843D4E9EB
:1030900000129200B0FBF2F06422B0FBF2F303FBEB
:1030A0000500322505EB0010B0FBF2F000F0F00255
:1030B00000F00F0002EB031210448860086920F44E
:1030C00090400861486920F02A004861C86840F4CF
:1030D0000050C86000202021606484F8411084F80A
:1030E0004210606306B0BDE8F081194805F58066BE
:1030F0000DF10808416841F480214160416801F404
:10310000802101910199016841F008010160414667
:10311000006800F008000190032005900220039051
:103120004FF48060029001983046FFF77BFD4FF42A
:1031300000604146CDE9037702903046FFF772FD0B
:1031400039E700BF00080140004800400038014056
:103150001810024004E100E09CFFFF0F2DE9F04150
:10316000044690F8420020281CBF0220BDE8F081F0
:10317000A1B11D4600202223606484F84230206300
:103180004648A285466CE285A068B0F5805F01D113
:10319000206930B14FF000080F4604E00120BDE87F
:1031A000F08100278846E08D08B32046202100F0FA
:1031B00024FAF0B95FB1A068B0F5805F0FD008B90C
:1031C000206960B12068406800F07F0009E0206855
:1031D000002740686FF35F2028F8020B03E02068A7
:1031E000406807F8010BE08D0138E085DBE700203F
:1031F00000E00320202184F84210BDE8F08100BFE8
:103200002DE9F041044690F8410020281CBF02201F
:10321000BDE8F08199B100201D466064212084F84A
:1032200041001E48A284466CE284A068B0F5805F2D
:1032300001D1206930B14FF000080F4604E00120B1
:10324000BDE8F08100278846E08CA8B120468021A7
:1032500000F0D3F9E0B927B117F8010B21684860F5
:1032600006E038F8021B206800276FF35F214160F9
:10327000E08C0138E084E7E72046402100F0BDF90A
:10328000202184F84110002818BF0320BDE8F081F8
:10329000202084F841000320BDE8F08100010020D7
:1032A000F8B5174F154C4FF400754FF48076256034
:1032B0002660B8476560B84766603846BDE8F840A4
:1032C000004700BFB0B50D4C4FF400754FF480704F
:1032D0006560206000F016F82560B0BD70B5084E3E
:1032E000064C4FF400702060B0474FF480752560A5
:1032F000B04765603046BDE870400047100C0140A3
:103300000533000800BF00BF00BF00BF00BF00BF03
:1033100000BF7047FEE7FEE7274900200022082A89
:1033200008BF00F01DB80023802B03D001F8330044
:103330000133F9E701310132F1E700BF10B501F0C7
:1033400007030124C908002A1B4A04FA03F302EB0D
:10335000C000425C0CBF9A431A43425410BD00BFE8
:10336000F8B5154D154E0024082C08BFF8BDA4F182
:103370005000C0B2B04700200027B0471020B0472F
:10338000FFF78EFF782000F0CDF9FFF7A7FF402070
:1033900000F0C8F9FFF7A2FF802F07D015F837001B
:1033A00000F0C0F9FFF79AFF0137F5E7FFF78AFF52
:1033B00001350134D8E700BF340200207D35000814
:1033C0002DE9F04F85B01C468A468146082B01D175
:1033D000062709E0012361074FEAD40118BF03EB78
:1033E000D40163085943CFB261080026CDF80C9090
:1033F0000291A2F12001CAB2244902EB420301EB7F
:103400004301019304911F4901EB02110091BE4257
:1034100035D0082C01D1049809E0102C06D00C2CD2
:103420002DD10198184901EB800000E0009830444C
:103430004FF00008554690F800B0B8F1070F0ED8CD
:103440005FFA89F0E9B20BF00102FFF777FF5FFA4C
:103450008BF008F1010801354FEA500BEDE709F157
:103460000109082C09D003995FFA89F0029A401AE1
:10347000904204BF0AF1080A89460136C7E705B041
:10348000BDE8F08FF8AF000884AB00085CA9000825
:103490002DE9FE4F894601218346A3F110005C0708
:1034A000C0F3C4005E464FEAD30440EA431018BF9D
:1034B00001EBD30404FB03F100270193C4B22148BC
:1034C000029100EB421000900298874231D0062C06
:1034D0002FD8DFE804F00406082E2E2E0A000098EC
:1034E00004E0174802E0154800E0134838444FF064
:1034F000000A4D4690F80080BAF1070F0DD8F0B2DF
:10350000E9B208F00102FFF719FF5FFA88F00AF14B
:10351000010A01354FEA5008EEE701360199F0B291
:10352000A0EB0B00884204BF5E4609F10809013791
:10353000CAE7BDE8FE8F00BF5CA60008DCA5000856
:1035400094A5000834A400082DE9F0415E081C464B
:10355000154688460746082B08BF06262A78A2F19A
:103560002000C0B25E2888BFBDE8F081F8B24146B5
:103570002346FFF725FF37440135EFE770B50446D2
:10358000FFF78EFE074D7820A847074EB047002072
:10359000A847B0472046A847B047BDE87040FFF7AE
:1035A00091BE00BF25370008DD320008206850E8D2
:1035B000050F216820F0400041E80502002A70470D
:1035C000206850E8050F216820F0010041E805025D
:1035D000002A7047B0F91014B1F1FF3F7047204640
:1035E000FDF7BEB93078012185F8350001FA00F009
:1035F000A86370472221FDF7B2B832462B4600F08F
:1036000001BA4046FCF750BE9DF83890DDF840A066
:103610004FF00008039070472046002101232847FF
:103620004FF400721423009405F065BA386840F036
:1036300004003860386800F004007047206850E8E3
:10364000030F216820F0100041E80302002A7047B0
:103650004FF4FA7301F06CBC0F22FDF756B9224605
:10366000FDF753B9214604F09BBE3A21FDF777B828
:103670002C21FDF774B802681F2602FA04F506FA39
:1036800004F47047206800F00C0008287047206898
:1036900050E8030F216870474FF4FA73054601F0B4
:1036A00047BC08210822334604F07ABE05F1100019
:1036B00000226FF3DF314254704700210023384766
:1036C000484604F06DBE044600202072FCF7E8BDB9
:1036D0004FF47A7005F060BA00EB40004001B0FB97
:1036E000F5F00430C0B202F0CFBBD1F82CC0BCF171
:1036F000000F70474DF808ED304605F0BFF900287F
:103700005DF808EB70474FF48071FCF761BE21460D
:103710000546A06951F8142F5060A069A1610260AC
:10372000704700002DE9F0410D4E044600254FF48E
:1037300000784FF48077072D88BFBDE8F08160B234
:10374000B0F1FF3FCCBFC6F80480C6F80080FFF799
:10375000D9FD3760FFF7D6FD776001356400EAE7F1
:10376000100C01402DE9FE43FCF79AFDBE4D297B6C
:1037700001312973FCF798FDFCF792FDAA6D696E83
:103780000132AA650A6C013A0A6402D0FCF78CFD8A
:103790000BE0CA6B0A6491F8342042F0080281F809
:1037A0003420FCF781FD05F015F801AECDE9016686
:1037B000AF6DFCF775FD804623488146284650F8DA
:1037C0006C4F844234D060694946381A48452FD836
:1037D000D4E9001048606068016014F80B0C2460A4
:1037E00081075CBF00F0FE0004F80B0C01984460F8
:1037F000C4E90006D4E9021001948847AF6D01982E
:10380000B042DBD0D4E9001048606068016014F871
:103810000B1CC4E900448807D0D5C807CED0A4F15A
:10382000140001F0FE0104F80B1C05F031FAC5E7A5
:10383000FFF7E7FEFCF734FD297B01392973BDE86A
:10384000FE43FCF731BD00BFFEFFFF7F7047000065
:1038500010B5284B1868C1680269940707D58C0712
:1038600005D56FF00204046100241C7784695407B5
:1038700007D54C0705D56FF00404046100241C77BC
:103880008469140707D50C0705D56FF00804046197
:1038900000241C77C469D40607D5CC0605D56FF083
:1038A0001004046100241C77C369D3070BD0CB0735
:1038B00009D06FF0010303610F4B984203D16A4BAB
:1038C0005C6C01345C64130604D50B0644BF6FF0D6
:1038D00080030361530604D54B0644BF6FF04003D9
:1038E0000361920604D5890644BF6FF0200101618F
:1038F00010BD00BF4416002000080040406A0021AF
:10390000C185C1847047016851E8031F026821F432
:10391000907142E80313002BF5D1016851E8051FAF
:10392000026821F0010142E80513002BF5D1016B7B
:10393000012909D1016851E8031F026821F0100133
:1039400042E80313002BF5D1202180F8421000211A
:103950000163704781B02A4890F8421022294CD167
:103960008268B2F5805F09D10269816A52B9026842
:1039700052686FF35F2221F8022B0DE00369816A20
:103980001A4302D10268526803E00268526802F0EA
:103990007F020A70816A01318162C18D0139C1855E
:1039A00009042AD10168CA6822F02002CA60CA68E4
:1039B00022F48072CA604A6922F001024A61202121
:1039C00080F8421000214163026B012A15D1016386
:1039D000016851E8031F026821F0100142E8031357
:1039E000002BF5D100680168C90606D500210091B9
:1039F0000168009140680090009801B0704700BFD6
:103A00008C1600202DE9FC410568F84F80465E1CAD
:103A100028680840884223D0002EF9D0786C841A98
:103A200003209C421AD8CBB1E8684007F0D5402962
:103A3000EED08029ECD028680007E9D50024019455
:103A4000286801906868019001984046FFF75BFF85
:103A5000082088F84040C8F844000120BDE8FC81F7
:103A60000020BDE8FC8100BF00010020F8B5CD4C6E
:103A7000E068002864D00168002961D00A6AE2B1D8
:103A8000082190470146E06891B1002858D00168AC
:103A9000002955D04A6A3AB108219047E0680028C9
:103AA0004ED0016800294BD00A6B32B19047E068D4
:103AB000002845D00168002942D00A6A1AB30121C2
:103AC000904700B3E06828B1016819B1096B09B1EA
:103AD000884700E00020B4F8102440F2FE3311467D
:103AE0006FF3DF31994202F4004308D801322144D8
:103AF0006FF3DF321A44A4F81024087403E003F2D1
:103B0000FF30A4F81004E068D0B10168C1B10A6ABE
:103B1000B2B11021904798B1E06828B1016819B19D
:103B20004A6A0AB110219047B4F81004D4F8181961
:103B300040F40040A4F8100411B1D4F81C098847DF
:103B4000994C20680268C168466915074FEA82638C
:103B500073D001F4907706F00106BF1971D0D70732
:103B600005D0CF0503D5676C47F001076764570799
:103B700004D51EB1676C47F002076764920704D54D
:103B80001EB1626C42F004026264002D07D501F0A0
:103B90002002921903D0626C42F008026264626CE7
:103BA000002A00F0D580002B04D5890602D5FFF746
:103BB000D1FE20684069616C00F0400001F008010E
:103BC000401802BF00206064F8BD2046FFF79BFE4E
:103BD00020684069400640F1BB80FFF7E7FCFCD15C
:103BE000E06B002800F0B4807049416390F8211028
:103BF000022940F0AE8003686E4C6D4A196821F0CE
:103C00000E011960196821F0010119600121A34218
:103C100000F0AB80684CA34200F0A980674CA3423F
:103C200000F0A780664CA34200F0A680654CA3423A
:103C300040F0A5804FF48034A9E0002B01D58B061D
:103C400029D4236B012B03D1D30601D5CB0626D46F
:103C5000130601D50B060BD4520679D5490677D544
:103C6000C16821F04001C160202084F84100F8BD06
:103C700094F8411021296BD1A268216AB2F5805FC6
:103C80005DD12269002A5AD131F8022B6FF35F22ED
:103C90002162426057E0BDE8F840FFF75BBE0021BB
:103CA00000910168009141680091009940694006C7
:103CB0001CD4E08DA18DE28D002A49D0814247D0ED
:103CC000FFF7E5FC20F4907041E80302002AF7D1E9
:103CD000FFF776FCFCD1202084F84200002020630E
:103CE000FFF7ACFCFCD102206063F8BDE06B01681B
:103CF00049688AB262B3A38D9A4229D2E18580696C
:103D0000202818D0FFF7C3FC20F4807041E803029C
:103D1000002AF7D1FFF754FCFCD1FFF747FCFCD198
:103D2000202084F8420000202063FFF787FCFCD1AC
:103D3000E06BFEF7E9FE02206063E08DF8BD4A1CEF
:103D4000226209784160E18C0139E184090403D0E1
:103D5000F8BD0421816320E0C16821F08001C160C9
:103D6000C16841F04001C160F8BD01240FE010249A
:103D70000DE04FF480740AE04FF4805407E002F144
:103D800068054FF08074AB4208BF4FF48014146094
:103D9000002280F8202080F82110BDE8F840FFF7CD
:103DA000ADBD00BF380700208C160020FD3800088C
:103DB00004000240080002401C00024030000240A3
:103DC0004400024058000240FEE70000EB48406E0D
:103DD00018B10748443004F023BC7047E748406EF0
:103DE00018B10348443004F0D3BB704700010020F1
:103DF00074010020143804F0F1BE70B50546084681
:103E000016460C4604F01AFF9EB1012E18D1284622
:103E10000068A8420DD090F8211094F835208A420D
:103E2000F6D2416804F114020A60C4E90501426057
:103E300070BD686804F114010160C4E9055069604F
:103E400070BD0000CD490A6E1AB1D1B221B1012274
:103E50000FE04FF0FF3110E012F47F4102D0090A69
:103E6000092206E012F47F0107BF110E1922090C86
:103E70001122054B595C114401390160034850F887
:103E800031001438704700BF5CA800081C420020B5
:103E9000B0B5BA48446EFCF703FA0546204604F074
:103EA00023FDFCF7FDF92246E16D52F8583F5960B9
:103EB000E16DE2650B6094F84D10126001F0FE01B7
:103EC00084F84D10FCF7F0F904F1440004F01EFCF6
:103ED0000848016844F8141F4C60042104606060C5
:103EE000284684F82010FCF7DFF9BDE8B04004F064
:103EF00071BC00BF90000020F8B504460020C4E962
:103F0000081004F11400C4E90A232321C4E90500C0
:103F100010461A4604F006FBD4E90A12D4E9080652
:103F2000DDE906CE1A4F6FF03F05114421F007027C
:103F3000A2F1400115B157510435FBE7154B00259F
:103F40004FF0807742E9020742E9086542E90655E9
:103F500004F1440042E90453E1610A21224684F855
:103F600035C0C4E90E5EC4F840E0C4E91C5584F8CD
:103F70003450256304F0EEFB04F15801064884F840
:103F80004D50E566C4E9161104F1600131C1F8BD78
:103F9000EFBEADDE913E00089D3F0008B0B504467F
:103FA000FCF77EF9FFF7B3FB6FF0010009602063B7
:103FB000204604F067FC2846FCF776F9BDE8B040DF
:103FC00004F008BC82B0FFF783FBDFF89C90DFF8B9
:103FD0009CA04FF0640B40F6FF7601F0A7FF074668
:103FE00001F0A4FF044602F02FFF054602F02CFF6B
:103FF00000FB0BF039462B46B0FBF6F05FFA80F879
:1040000004FB0BF0B0FBF6F0CDF80080C0F16400CB
:10401000C4B208A0224604F0C3F958485146C0E98A
:104020000F48484603F0AAF841F2883004F0B4FD86
:10403000D3E700BF4C696768743A205261773D2529
:10404000642C205063743D25642525207C204D512F
:10405000323A205261773D25642C205063743D250F
:104060006425250A00000000A8C1000894C00008CB
:104070000978104871B1012242700F48427A002A33
:1040800019BF002282720E484FF4005208BF02602E
:104090000A4A09E00022427007488272C272084848
:1040A0004FF000520260074A80B507A004F078F98B
:1040B000002080BD00000020000100205DC200083B
:1040C0001010014008C200084253505F4C45442084
:1040D0006368616E676564202D3E20256420282575
:1040E00073290A0080B509784FF00050074A01296A
:1040F00008BF4FF400501060064A0548002908BF69
:10410000024605A004F04CF9002080BD100C0140CF
:104110005FC1000880C1000842555A5A45522063C9
:1041200068616E676564202D3E2025642028257314
:10413000290A000080B502A004F032F9002080BDF9
:104140001B5B324A1B5B4800F8B5FFF73FFE0B488C
:10415000C06D00F11C0670CEFFF740FE0C4F08A0AA
:104160002146B8470BA02946B8470EA03146B847AC
:10417000611B10A0B8470020F8BD00BF000100205F
:10418000746F74616C202020203A2025640A00009E
:10419000A18300087573656420202020203A202523
:1041A000640A00006D6178696D756D20203A2025E4
:1041B000640A0000617661696C61626C653A202571
:1041C000640A000010B5022818D14C681E49FFF798
:1041D00006FA28B31D49FFF702FA20B31CA1FFF726
:1041E000FEF918B31B49FFF7FAF910B31A49FFF7A4
:1041F000F6F908B31949FFF7F2F900B31848194C5A
:10420000A04719A0A0471B48A0471B48A0471BA0D8
:10421000A04721A0A04727A0A0472FA0A04710E0BB
:1042200002F008F90DE002F003FA0AE002F07CF86F
:1042300007E001F0F7FF04E001F06EFF01E001F09C
:10424000BDFE002010BD00BFEAC1000878C2000812
:1042500073656D00E3C20008FAC1000815C20008CA
:10426000DEBC0008A18300085B6F7074696F6E7319
:104270005D3A0A0076BE000805BF00082020202015
:1042800073656D202D206C6973742073656D61708A
:10429000686F7265730A0000202020206D757465B8
:1042A00078202D206C697374206D75746578730A9D
:1042B00000000000202020206D7367717565756512
:1042C000202D206C697374206D65737361676520A0
:1042D0007175657565730A00202020206D656D700D
:1042E0006F6F6C202D206C697374206D656D6F721B
:1042F0007920706F6F6C730A0000000080B502F0C7
:1043000099F8002080BD0000F8B5032069460390AD
:104310000020029001200190802000904848FEF784
:1043200081FC8FBD86B040F6B83004F035FC444CBB
:104330004FF0010A0DF103070025032D54D0FFF7BC
:10434000E3FF4FF400002061142004F025FC8026D8
:104350001E20266104F010F8FBF7A2FF8046002023
:10436000CDF810A0CDE902600590204602A9FEF725
:1043700059FC002000F09EF860B3012000F09AF88C
:1043800040B3002000F096F820B30026052E35D06B
:104390004FF000094FF0070B07F806901BF10100E2
:1043A00016D0012000F086F8A0B1282003F0E4FF29
:1043B000A068000609D50AFA0BF049EA00090020B6
:1043C00007F8069000F076F820B1ABF1010BE5E7B5
:1043D0000136DBE7FFF715F9013525A00322294651
:1043E00003F0DEFFC82006E028A0032103F0D8FF79
:1043F00000254FF4616004F0CFFB9EE7FFF784FFD8
:1044000080202061FFF7FDF89DF803209DF804004F
:104410009DF805109DF806301044084418449DF896
:104420000730C0B28342D7D10648C0E90D1206A0BA
:1044300003F0B6FF0C480D4902F0A0FED8E700BF1C
:10444000000C014000010020202044485431313A42
:104450002054656D703D2564432C2048756D693D81
:10446000256425250A00000053C10008CCC10008BE
:104470002020444854313120726561642072657493
:1044800072792025642F25640A000000202044480A
:104490005431312072656164206661696C65642005
:1044A0006166746572202564207265747269657333
:1044B0000A00000070B5094E04466FF063053068CD
:1044C000C0B2B4EBD01F04BF012070BD25B10120E4
:1044D00003F052FF0135F2E7002070BD080C0140E7
:1044E000F8B5424DAE4E044600210F46092907D8C3
:1044F000204629463246FFF7ABF8791C0028F4D154
:104500000020092F88BF0120F8BD00BFB0B5A2B0C0
:10451000009202AD0B46044606A280212846FBF716
:1045200057FF0BA22046294641F2883300F000FDD8
:1045300022B0B0BD41542B43495053544152543DD5
:1045400022544350222C222573222C257500000072
:10455000434F4E4E45435400F34A02A14FF47A7341
:1045600000F0E6BC41542B434950434C4F534500A7
:1045700010B50D4A08A14FF4FA73044600F0D8FCB8
:1045800008B1012010BD0C4A08A120464FF4FA736F
:10459000BDE8104000F0CCBC41542B4349504D4F76
:1045A00044453D310000000063C1000841542B43E5
:1045B000495053454E440000C3C0000810B504469E
:1045C000FFF786F808A1204604F0E0FEFFF780F828
:1045D00000200649E64A4FF4FA73A4F81004204676
:1045E00000F0A6FC002010BD2B2B2B00A5C100085D
:1045F00070B5154A0C4611A1FFF74EF810B1012510
:10460000284670BDB5F81014FFF750F80FA1FCF75D
:10461000B0F80028F3D0FEF7EDFF0028EFD0461CDD
:1046200022213046FCF79BF80028E8D000253146CF
:1046300005702046FCF7DBF8E2E700BF41542B434E
:10464000494653520000000063C1000853544149D9
:10465000502C000069B1B0B5114A0C460DA1FFF70E
:104660001BF820B9B5F91004B0F1FF3F03DD0120BC
:10467000B0BD0320704781B2FFF718F809A1FCF71D
:1046800078F80028F3D00830FCF75CF820700020A0
:10469000B0BD00BF41542B43574D4F44453F000030
:1046A00063C100082B43574D4F44453A00000000BA
:1046B00080B5642004F070FA4FF4FA7004F06CFADC
:1046C000002080BDB0B5A2B0009202AD0B460446FA
:1046D00006A280212846FBF77BFE09A22046294638
:1046E00042F2107300F024FC22B0B0BD41542B43C1
:1046F000574A41503D222573222C22257322000067
:104700005749464920474F54204950007FB5054638
:104710001EA00C46214A017B8368406811731B4927
:104720009360C2E90010E86868B1016859B1CE6AC7
:104730004EB11A491A4A4FF47A73B04718B9E8686B
:10474000FEF748FF02DD042004B070BD89B200F11D
:10475000100500206E4613A223466FF3DF31685424
:1047600030461021FBF734FE28463146FCF701F8AD
:104770000028E8D004466846FCF75DF82044FBF7C3
:10478000E1FF0328DFDD0020DEE700BF41542B4DB1
:10479000515454434F4E4E3F00000000FC12002085
:1047A00063C100082B4D515454434F4E4E3A25647B
:1047B0002C0000002DE9F843C0680E46FEF70AFF02
:1047C00002DD0120BDE8F88389B290461030002256
:1047D00099466FF3DF3142543649FBF7CAFF002890
:1047E000EFD0FEF707FF0028EBD0441C2221204623
:1047F000FBF7B5FF0028E4D00746001B4FF6807199
:104800007F25084208BF85B2304621462A46FCF77C
:104810007CF800202C217055781CFBF7A0FF0028A5
:10482000CFD0471C3846FBF78DFF064680B208B153
:10483000484501D9A9F101063846FEF719FF0028BD
:10484000BFD0B4B2411C089D4046FEF708FF0020CF
:1048500008F804004DB318494046FBF78AFF30B30F
:10486000FEF703FF18B3411C0A7842F00200222829
:1048700001F1010009D10146F6E7222A08D02C2ACD
:1048800006D07D2A04D010F8012BD2B2002AF4D130
:1048900001384FF6E0721F24401A104208BF84B25C
:1048A0002846FEF7DCFE00202855BDE8F8830020EE
:1048B000BDE8F883B5C000087FC00008BFB502B3EB
:1048C000044608980D464FF48071002818BF012057
:1048D0000290CDE900230DA22B460B48FBF778FD93
:1048E000E06860B1016851B1FEF7FFFE07D00649EC
:1048F000CF4A40F6B83304B0BDE8B040604701206D
:1049000000E0032004B0B0BDFC12002041542B4D48
:10491000515454434F4E4E3D25642C222573222C76
:1049200025752C256400000063C1000810B50446FD
:104930000A480B460AA2FEF7E6FEE06858B1016895
:1049400049B1FEF7D2FE06D00449B94A4FF4FA63E2
:10495000BDE810406047012010BD00BFFC120020E0
:1049600041542B4D515454434C45414E3D25640018
:1049700063C10008002A68D0002B66D02DE9F04FF3
:10498000A5B0DDF8B890B9F1000F60D02F9D002DD3
:104990005DD01446049100938346309E05A838A24A
:1049A00080212346FBF714FD3DA3002E3FA24FF4C8
:1049B000807118BF33463C4E3046FBF709FD074671
:1049C0006C204E4C4FF0000805FB00FA3DA5C24597
:1049D000B9B23ED0B8F1000F06D07018C1F58071A1
:1049E0002A46FBF7F5FC074409EB080191F868003B
:1049F000032803D8DFE800F0022B0C1B086EBAB2C4
:104A000001F12003C2F580710090B018224616E033
:104A1000086E32A201F120030028324808BF104678
:104A2000BAB20090B018C2F580712FA207E0BAB2F6
:104A3000009101F12003B018C2F5807122A2FBF7AA
:104A4000C7FC074408F16C08C1E703207047032046
:104A500013E07018C1F5807129A2FBF7B9FC30464C
:104A6000FBF7E9FE002180B23346CDE90001029157
:104A700005AA0499584600F045F825B0BDE8F08F26
:104A8000247379732F25732F25732F7468696E67CC
:104A90002F70726F70657274792F706F737400006D
:104AA0003132333435360000FC1300207B22696438
:104AB000223A222573222C22706172616D73223A90
:104AC0007B0000002C000000222573223A7B227616
:104AD000616C7565223A222573227D0066616C73D4
:104AE0006500000003C20008222573223A7B22766B
:104AF000616C7565223A25737D00000021C30008B2
:104B00007D7D000022B32DE9F04F85B01D46DBB15D
:104B100004460E98C0B10B46DDE90F61CDE90020D7
:104B2000344835A2CDE90261FEF7EDFDE06848B1F9
:104B3000016839B1CE6A2EB12E49374A4FF4FA6373
:104B4000B04738B1012000E0032005B0BDE8F08F88
:104B500003207047E06804F0FDFBE0682F492A4617
:104B600004F014FCDFF8949EDFF8B4B040F6B835DA
:104B70004FF000082BA64FF0000A95B3E068FEF74F
:104B800029FD25DC89B200F110076FF3DF313846CB
:104B900007F801805946FBF7ECFD10B1E06804F01E
:104BA00014FC38463146FBF7E4FDE0B920493846AD
:104BB000FBF7DFFDB8B91F493846FBF7DAFDA0B9AE
:104BC00038461DA1FBF7D5FD78B9E068A0F8108440
:104BD000D9F84400D9F84410091A0229FAD3013D42
:104BE000CBE70220B1E7002000E00120E168A1F856
:104BF00010A4AAE7FC12002041542B4D51545450EC
:104C000055425241573D25642C222573222C25758F
:104C10002C25642C25640000C3C000087EC2000857
:104C2000B5C000082B4D5154545055423A4F4B00DB
:104C300063C1000898C100084641494C00000000CB
:104C40008AB383B32DE9F047A4B02C9F6FB3164607
:104C50000DF110080C4605460093DDE92DA915A2BB
:104C6000802140463346FBF7B3FB1B481B4EB9F18E
:104C7000000F1BA24FF480713B4618BF4846CDE998
:104C800000A03046FBF7A4FB3046FBF7D4FD002123
:104C900080B242463346CDE90001029128462146C2
:104CA000FFF730FF02E003207047032024B0BDE887
:104CB000F08700BF247379732F25732F25732F740A
:104CC00068696E672F70726F70657274792F736583
:104CD000745F7265706C7900E0C10008FC130020FD
:104CE0007B226964223A222573222C22636F646539
:104CF000223A25642C226D7367223A222573227D85
:104D0000000000002DE9F04779B114466AB10E4663
:104D1000099951B1DDF82CA0BAF1000F05D0C06897
:104D2000FEF758FC05DD012500E003252846BDE817
:104D3000F08789B2103000221D466FF3DF314254F4
:104D40002E49FBF716FD0028EDD0FEF753FC002896
:104D5000E9D000F1010922214846FBF700FD0028B7
:104D6000E1D08046A0EB09004FF680717F27084212
:104D700008BF87B2304649463A46FBF7C6FD0020D9
:104D80002C21F05508F10100FBF7E9FC0028CAD0FE
:104D9000461C3046FBF7D6FC074680B208B1A84255
:104DA00000D96F1E3046FEF763FC0028BBD0BFB2AF
:104DB000411C089E20463A46FBF7A7FD0025E55515
:104DC000C6B10FA12046FBF7D4FC98B1841D222167
:104DD0002046FBF7C4FC68B1001B4FF6E0711F27AB
:104DE000084208BF87B2304621463A46FBF78DFDA0
:104DF0000020F0558AF8005098E700BFB5C00008C1
:104E0000226964223A220000BCB5DAB10D4604469C
:104E10000D48CDE900230DA24FF480712B46FBF71E
:104E2000D7FAE06860B1016851B1FEF75EFC07D0C7
:104E30000549764A4FF4FA6302B0BDE8B0406047D6
:104E40000120BCBD0320BCBDFC12002041542B4DF1
:104E50005154545355423D25642C222573222C2550
:104E6000640000001CB5BAB104460C480B46009221
:104E70000BA2FEF748FCE06860B1016851B1FEF793
:104E800034FC07D00549614A4FF4FA6302B0BDE82B
:104E90001040604701201CBD03201CBDFC120020F7
:104EA00041542B4D515454554E5355423D25642C7D
:104EB00022257322000000001FB5EAB1044602F16A
:104EC000C0000B4602F1400102900D48CDE90021DF
:104ED0000CA2FEF718FCE06860B1016851B1FEF762
:104EE00004FC07D00649494A4FF4FA6304B0BDE810
:104EF00010406047012000E0032004B010BD00BF57
:104F0000FC12002041542B4D5154545553455243EB
:104F100046473D25642C312C222573222C222573F3
:104F2000222C222573222C302C302C22220000002F
:104F30002DE9F8431C4690460D46074604F00AFA50
:104F400019A138462A4604F021FAB8F1000F24D0FE
:104F500000262CB3DFF8589007F11005FCB1B7F923
:104F60001004B0F1FF3F13DC80B249466FF3DF302D
:104F70002E542846FBF7FDFB10B1384604F025FA05
:104F800028464146FBF7F5FB0021A7F8101420B98D
:104F9000012003F001FE013CE0E7002600E00226CC
:104FA0003046BDE8F88300BF25730D0A00000000FD
:104FB000B5C00008FFF7BCBFB0B588B06D460B4662
:104FC000044606A220212846FBF702FA0F4A204693
:104FD0002946FEF73DFB08B0B0BD00BF41542B434E
:104FE000574D4F44453D25640000000010B5074A69
:104FF00004A1FEF72DFB044608B9FEF769FB204625
:1050000010BD00BF41542B525354000063C100082F
:10501000002070470020704780B509784FF080501D
:10502000074A012908BF4FF480501060064A05481E
:10503000002908BF024605A003F0B2F9002080BD98
:10504000100C01405FC1000880C1000846414E209D
:105050006368616E676564202D3E202564202825E5
:1050600073290A002A48406D90F82100800703D474
:10507000074800210170704710B5054C00202071D1
:10508000044820602046FBF7D6FB3E21215210BD8C
:10509000340600206D736820F8B51D4F1D481E4969
:1050A000C7E91310782003F0BDF940B3002178223E
:1050B000002403F037FA78650A201A494FF4C062D9
:1050C0001523009015A003F016FD7E6D054616A26F
:1050D0000221304603F03EFB06F11400B4837472E3
:1050E000C6E90500786D90F8211041F0020180F8C2
:1050F00021105DB1284603F08BFD002406E000205E
:1051000078650BA003F04CF94FF0FF342046F8BD52
:105110000001002028C4000880C30008747368657B
:105120006C6C000049510008736872780000000040
:105130006E6F206D656D6F727920666F7220736877
:10514000656C6C0A0000000088B0DFF898B4DBF8EA
:10515000540090F8211041F0010180F82110FFF770
:1051600081FFDFF88464304603F01AF9DFF87C74BD
:10517000DFF88094E8463846414601220023FDF7D7
:10518000EDFF40B10A2003F007FDDBF854A0FF2437
:105190000AF120000AE09DF80040DBF854A00AF173
:1051A00020001B2C02D101210170E4E79AF8202095
:1051B000A4F10801022A06D0012A27D15B2C23D1B1
:1051C00002210170D7E700220529027034D9A4F129
:1051D00041000228CFD3002CCDD0432C00F04D81CC
:1051E000FF2CC8D07F2C49D0442C1CD1BAF87600B3
:1051F0000028C0D0FEF764FADBF85400B0F876104F
:105200000139A0F87610B6E700220270052904D80B
:10521000DFE801F0346B18090918002CABD07F2CA3
:105220002CD0FF2CA7D0BAF874005028C0F0C4804E
:105230000020AAF87400EBE0DFE801F02057040337
:105240000304F0E79AF82100C00705D0DFF8A803AF
:1052500003F0A6F8DBF854A0BAF874500AF1230062
:105260000AF12204002D00F094812178202901D038
:1052700009297BD10130013D0134F3E7BAF87610FA
:1052800000293FF478AFBAF87420481EAAF87600D7
:10529000531E82B2AAF874309BB2934240F28080CF
:1052A0000AF12204A01821449A1A03F025F9DBF828
:1052B00054000023B0F8741000F122025354B0F8E7
:1052C000760011180FF2743003F06AF8DBF854001E
:1052D000B0F87640B0F8740084423FF64CAFFEF769
:1052E000EFF9DBF854000134F4E70024BAF8760053
:1052F000844205D2FEF7E4F9DBF854A00134F5E767
:10530000BD4803F04DF81AF8220F002800F0A180E4
:10531000DBE9136700240025BE4236D2D6F80080B0
:105320005046FBF788FA024650464146FBF7A2FA80
:10533000D0B925B94046FBF77EFA05464446002021
:10534000215C271831B118F800201AB1914201D11F
:105350000130F5E7BBA0414603F022F8381BA84214
:10536000B8BF0546DBF850700C36D5E74FF00008A3
:10537000C9B2092969D0202967D0454500F092803B
:1053800010F8011B08F10108F2E7974E974F002C27
:10539000E84660D0504621462A4603F079FB5AE0A1
:1053A000A5A002F0FDFFDBF85400B0F8741008442B
:1053B000002180F82210DEE6BAF87610814227D26A
:1053C000421A514401F12300223103F095F8DBF831
:1053D00054A0BAF87600504480F822409AF8210090
:1053E000C00709D0BAF87600504400F1220198486D
:1053F00002F0D6FFDBF854A0BAF87640BAF8740091
:10540000844211D2FEF75CF9DBF854A00134F5E7D1
:10541000504480F822409AF82100C00704D0744814
:10542000FEF720F9DBF854A0BAF87400BAF8761049
:1054300001300131AAF8740080B2AAF87610502821
:1054400024BF0020CAF8740095E6B8F1000F2AD1F5
:105450008FE002F0DFFAFFF705FE7BA031465246EF
:1054600002F09EFFDBF8544004F12200FBF7E3F961
:10547000A4F87600A4F874007DE6BAF87600BAF8CD
:1054800074108842BFF477AE504490F82210584808
:1054900002F086FFDBF85400B0F876100131A0F876
:1054A000761068E6A846DBE9137A574561D23E6874
:1054B000214642463046FBF7DDF910B916F80800E0
:1054C00008B10C37F1E7D7F80880B8F1000F50D0D9
:1054D000684600212022002703F024F820460026F9
:1054E000AF4245D20278202A01D0092A08D1AF4222
:1054F00004D20021013700F8011BF3E7294600E040
:105500003946082E56D2A94232D2222A15D101306C
:105510006A4642F8260003784A1C222B1CD0AA4275
:105520001AD25C2B06D1034613F8017F222F04BF49
:105530008A1C184601301146EDE76A4642F82600FB
:1055400001360022835C8F18092B0DD0202B0BD045
:10555000AF423FD20132F5E70136AA423AD20022E9
:105560008F1C00F8012BBBE71044AF42B8D331E0E9
:1055700086BB1D4E1D4F2046E846017841F02001B4
:10558000202901D00130F8E70021017024A0FEF7A6
:1055900069F8FFF767FD304602F002FFDBF85400C0
:1055A00000215122223002F0BDFFDBF8540000211F
:1055B0004167E0E511A002F0F3FE34466D4617A7FF
:1055C0002CB102CD384602F0EBFE013CF8E70A4868
:1055D00002F0E6FE6C4630462146C047024E034FBD
:1055E000A046D6E70001002034060020D416002093
:1055F000DDC1000898B8000881BF0008546F6F2013
:105600006D616E7920617267732021205765206F6C
:105610006E6C79205573653A0A00000025732000EE
:1056200025733A20636F6D6D616E64206E6F742018
:10563000666F756E642E0A00082008000825732026
:105640002008000025730A00257325730000000060
:105650007EC2000810B50446082909D84AA2DFE82E
:1056600001F00F050E0B170B0B0B250076A207E0C0
:10567000102901D146A203E0494875A201E070A2B9
:10568000474850F824104748BDE8104002F088BE53
:10569000434867A250F824404248214602F080FE69
:1056A00066482146BDE8104002F07ABE3C483EA262
:1056B00050F824103B4802F073FE032C88BF10BD45
:1056C000DFE804F00215283B3A480278B2FA82F18A
:1056D00049090170002A4FF08050374A08BF4FF443
:1056E000805010604BA002F05BFE504842E0314811
:1056F0004278B2FA82F149094170002A4FF08040A5
:105700002D4A08BF4FF4804010603AA002F048FED6
:105710003F482FE027488278B2FA82F14909817028
:10572000002A4FF00050244A08BF4FF40050106088
:1057300029A002F035FE2E481CE01D480278B2FA7E
:1057400082F14909017052B10022427019488272F7
:10575000C27219484FF00052C0F8002406E001223E
:1057600042701448427A52B10022827213A002F0B1
:1057700017FE18480021BDE8104001F0FFBC0E489C
:105780004FF40052E8E700BF4E4F4E4500000000C6
:10579000444F55424C455F434C49434B0000000089
:1057A00064A3000862BE0008434C49434B0000005C
:1057B0000000002000010020100C014020204C457A
:1057C0004420746F67676C6564202D3E2025640A51
:1057D000000000004BC10008202042555A5A455293
:1057E00020746F67676C6564202D3E2025640A0075
:1057F00091C1000820204E4542554C495A4552203F
:10580000746F67676C6564202D3E2025640A000074
:1058100087C10008202046414E20746F67676C6581
:1058200064202D3E2025640A000000007CC1000891
:105830004C4F4E475F50524553530000D8BD0008AF
:1058400052454C45415345005052455353000000CA
:10585000554E4B4E4F574E005A49DFF864B15A4EE1
:1058600000204FF4967C40F2DC53142440F20115E2
:1058700000278E46202F15D0724607EB8701F219BC
:105880004BF801E0594408379288486281F82000BB
:10589000C1E90300C1E90543C1F81CC00872CD800D
:1058A0008A80E7E749A0042102F07AFDDFF8B0AE74
:1058B0004FF00009DAF8587000260025A02E7BD0A2
:1058C0005BF806100BEB0604A0888968084018BF37
:1058D0000120E17981420FBFE168E071E76039465C
:1058E0006269791A914252D3217A80F0010088428C
:1058F0004DD0207248B1DAF848002761002846D020
:10590000E8B20121FFF7A6FE41E02069A7EB0008FD
:10591000A069804516D2616AE069791A814219D27C
:1059200094F82000013084F82000C0B2022814D17D
:10593000DAF8480018B1E8B21021FFF78BFE84F8BE
:1059400020900AE0DAF8480080B1E8B20421FFF7BD
:1059500081FE02E0012084F82000DAF84800676246
:1059600028B1E8B20221FFF775FE00E0676294F803
:10597000200001280BD1A069804508D2DAF8480040
:1059800018B1E8B20821FFF765FE84F82090207A6C
:1059900001280ED12169A069791A814209D30A3000
:1059A000814206D2DAF8480018B1E8B20421FFF7C4
:1059B00051FE2836013581E70A2003F0EDF879E73A
:1059C00058100020000C0140F8B500085B4B455909
:1059D0005D204B6579207468726561642073746121
:1059E000727465642C202564206B65797320696E60
:1059F000697469616C697A65640A000000010020BD
:105A000070B5012804DC00F0C9F94FF0FF3448E01C
:105A10004E680C46054664A1FDF76CFE1CD0634938
:105A2000FDF768FE1CD06249FDF764FE21D061A13C
:105A3000FDF760FE27D061A1FDF75CFE33D061A1C8
:105A4000FDF758FE44D061A1FDF754FE5BD062A083
:105A5000314602F0A5FCD6E700F0A0F9002420E0D2
:105A60006448012141706248417AA9B100248472DE
:105A700017E0604800244FF0005144705C48847285
:105A8000C472B7480CE0022D16D85A4841687F48C6
:105A900002F086FC7E483EE0FA484FF400510024B4
:105AA0000160204670BD022D20D85248816873489D
:105AB00002F076FC72482EE0A068FAF743FE322826
:105AC00004DB014641F28830814236D96E4822E03B
:105AD000022D23D846485E495C4A407A0028634834
:105AE00008BF114602F05CFC614814E0A068FAF7B8
:105AF00029FEB0F5FA7F04DB014642F210708142C4
:105B000036D95D4807E0022D20D83948C17A40A037
:105B100002F046FC45A002F043FC76E7A4684B493E
:105B2000204602F0ABFF78B34949204602F0A6FFB9
:105B300090B34848FDF796FD67E72E482C4A0024AD
:105B400041605472012242704E481AE0A068FAF790
:105B5000F9FD274A274B01215172597020EAE07163
:105B600025A0642928BF6421917202F019FC75E711
:105B700020481F4A012300248160537294724370AD
:105B80003C4802F00DFC8CE70020002400F062F994
:105B9000354802F005FC84E7012000F05BF92EA0F7
:105BA00002F0FEFB5AE700BF2D6800005DC200084E
:105BB00008C20008626C696E6B0000006272656169
:105BC000746865006D6F646500000000627269674B
:105BD00068746E6573730000556E6B6E6F776E2020
:105BE000636F6D6D616E643A2025730A00000000DA
:105BF00000010020000000204C45442062726967CB
:105C000068746E6573733A20256425250A000000C8
:105C100043757272656E74206272696768746E652E
:105C200073733A20256425250A00000055736167C7
:105C3000653A206C6564206272696768746E65738A
:105C400073203C307E3130303E0A000060C20008D4
:105C500059C2000858BA00084C4544206D6F64656D
:105C60003A2070776D0A0000FCBD000850BE0008A5
:105C700036BC000891BE000896BA0008ACBE000809
:105C800052BC0008CBBE0008BABA0008E6BE000845
:105C900075BC000882B0314C31484FF00051314F93
:105CA0004FF47A7B64254FF031094FF063080FF20F
:105CB000B80AA66D016000200190787838B3607A48
:105CC00080B3A07AE8BBA06DB968801B00FB0BF025
:105CD000B0FBFBF0B0FBF1F202FB1100B0EB510F97
:105CE00028BF081A68434908B0FBF1F06428A8BF30
:105CF000284620EAE070E07200FB09F0B0FBF8F003
:105D00001AF80000FDF7E8FC0028D6D0D5E71448C3
:105D10004FF0005101600020E072786802F03CFF13
:105D2000A66DCAE70E494FF400500860786802F08B
:105D300033FF0B494FF000500860786802F02CFFE9
:105D4000BBE7A07AE17A884203D0A07A0190A07ADA
:105D5000E0720198C0B2FDF7BFFCAEE70001002081
:105D6000101001400000002001060D13191F252B03
:105D700031363C41464A4E5255595B5E6061636420
:105D80006464646361605E5B5955524E4A46413CAF
:105D900036312B251F19130D0601000010B50D4CCF
:105DA0000AA0A0470C48A0470C48A0470C48A047B1
:105DB0000C48A0470C48A0470C48A0470CA0A0479F
:105DC00019A02146BDE81040084700BF5573616720
:105DD000653A0A00A183000817BA000894BC0008BD
:105DE0001CBB0008DEBA000860BD000828BD000822
:105DF00020206C6564206272696768746E657373D5
:105E0000203C307E3130303E2020202053657420ED
:105E10006272696768746E657373202850574D20ED
:105E20006D6F6465290A000020206C6564202D6870
:105E30002020202020202020202020202020202062
:105E40002020202053686F7720746869732068656C
:105E50006C700A0033494A7A824211D0B0B5324B95
:105E60002D4C00224FF000555A708A72CA7225607C
:105E7000012448725C700128BDE8B04008BF8A72F6
:105E8000704700BF101001402DE9F047224A4FF43F
:105E90000051244C244D1160904642F210716FF075
:105EA000630200FB021740F6354148431B4989460F
:105EB00001EB40101A498A46B0FBF1F0A16D0E18B3
:105EC000A06DB04208D26878F8B1607A01281CD180
:105ED000012002F061FEF3E7DFB14FF00050C8F897
:105EE00000004FF47A7007FB0090A16DB0FBFAF050
:105EF0000E18A06DB0420CD2687830B1607A0128DB
:105F000003D1012002F048FEF3E74FF0FF30BDE877
:105F1000F0870020BDE8F087101001403F420F00DD
:105F200040420F0000010020000000201FB50520A6
:105F300003900120CDE9010001A8FCF733FCFCF738
:105F400049FDFCF7ADFC08B1002402E00348806A7B
:105F5000C46CFCF7BFFDA0B204B010BDDC01002092
:105F6000F8B50646C86800240C6128B3087A0D46C7
:105F700010B334462F68002E08BF3C46FAF790F95C
:105F800036B116F8042C297A02F07F028A4210D129
:105F9000696800262468BC4206D0EA6841F82640B9
:105FA00001369642F6D100E00024FAF77DF92E6121
:105FB00002E0FAF779F900242046F8BD2DE9F04F08
:105FC00093B00820082402F0B1FB00210430394AC4
:105FD0008DF84040CDE9114106AC0E902BA0082170
:105FE0000F9402F0DDF901F06DFD33A002F0D8F955
:105FF000414F00200EA9FFF7B3FF9DF840A0DDF848
:1060000048904FF000080590C84538DA54F828B099
:10601000FAF746F91BF8045CFAF746F905F07F0039
:10602000504529D10BF12005ABF10C034FF0FF30A7
:10603000294609680130A942FBD1DBF81060DBE991
:10604000062178B1CDE90210CDE9006223A0082134
:10605000082202F0A5F9284602F0D0FF384602F0E7
:106060009FF909E00020CDE9006202910821082291
:10607000039022A002F094F908F10108C4E7059802
:106080000028B7D1002013B0BDE8F08F252D2A2EAF
:106090007320626C6F636B20746F74616C20667226
:1060A00065652073757370656E64207468726561D0
:1060B000640A000015C20008202D2D2D2D20202D52
:1060C0002D2D2D20202D2D2D2D202D2D2D2D2D2D27
:1060D0002D2D2D2D2D2D2D2D0A000000252D2A2EA4
:1060E0002A73202530346420202530346420202574
:1060F0003034642025643A0081BF0008252D2A2E03
:106100002A73202530346420202530346420202553
:106110003034642025640A002DE9F04F91B0062048
:10612000062402F003FB8DF83840002408210430D7
:106130002A4A10940F9104AF0C9021A00D9702F001
:106140002FF901F0BFFC26A002F02AF920460CA985
:10615000FFF706FFFDF758FAD0452ADA57F828402E
:10616000FAF79EF814F8046CFAF79EF806F07F0030
:1061700048451BD1A4F10C0654F8085FB4F810B0E0
:10618000204602F045F9A5420BD0CDE900B01AA097
:10619000FDF787FA204602F031FF1C4802F000F9B3
:1061A00004E0CDE900B01AA0FDF77BFA08F1010880
:1061B000D2E7039C002CC9D1002011B0BDE8F08FBC
:1061C000252D2A2E7320656E747279207375737075
:1061D000656E64207468726561640A00FAC1000823
:1061E000202D2D2D2D20202D2D2D2D2D2D2D2D2D06
:1061F0002D2D2D2D2D0A0000252D2A2E2A73202528
:10620000303464202025643A0000000081BF00087B
:10621000252D2A2E2A732025303464202025640A57
:10622000000000002DE9F04F93B00320032402F09A
:106230007DFA8DF840400024082104302B4A129446
:10624000119106AD0E9020A00F9502F0A9F801F073
:1062500039FC27A002F0A4F80FF2B40B20460EA9D7
:10626000FFF77EFE9DF84070129E00240590B44218
:1062700022DA55F82480FAF713F818F8041C01F014
:106280007F01B94214D1FAF70FF8D8F8149098F8B2
:1062900013A008F1080002F0BBF808210390A8F150
:1062A0000C03584608228DE8020602F079F801E056
:1062B000F9F7FAFF0134DAE7059C002CCED1002073
:1062C00013B0BDE8F08F00BF252D2A2E73202020AB
:1062D0006F776E65722020686F6C642073757370C1
:1062E000656E64207468726561640A00E3C2000828
:1062F000202D2D2D2D2D2D2D2D202D2D2D2D202DF5
:106300002D2D2D2D2D2D2D2D2D2D2D2D2D0A00003A
:10631000252D2A2E2A7320252D382E2A732025304C
:1063200034642025640A00002DE9F04F91B002206A
:10633000022402F0FBF98DF83840002408210430D3
:106340002AA210940F9104AF0C9021A00D9702F097
:1063500027F801F0B7FB28A002F022F820460CA98C
:10636000FFF7FEFDFDF750F9D0452ADA57F828402F
:10637000F9F796FF14F8046CF9F796FF06F07F0022
:1063800048451BD1A4F10C0654F8085FB4F808B0D6
:10639000204602F03DF8A5420BD0CDE900B01CA08C
:1063A000FDF77FF9204602F029FE1D4801F0F8FFB5
:1063B00004E0CDE900B01BA0FDF773F908F1010876
:1063C000D2E7039C002CC9D1002011B0BDE8F08FAA
:1063D000252D2A2E73207620202073757370656E0C
:1063E00064207468726561640A00000073656D6101
:1063F00070686F7265000000202D2D2D202D2D2D31
:106400002D2D2D2D2D2D2D2D2D2D2D0A0000000093
:10641000252D2A2E2A7320253033642025643A0046
:1064200081BF0008252D2A2E2A73202530336420B1
:1064300025640A002DE9F04FB1B00120012402F0DB
:1064400075F90430554A8DF8B840002408210DF143
:10645000900A2C90504830942F91CDF8B4A001F0C0
:106460009FFF01F02FFB4EA001F09AFF06AE2046E1
:106470002CA9FFF775FD9DF8B880309D4FF0000BFB
:106480000390CDE90458AB457DDA5AF82B90F9F723
:1064900007FF19F8041C01F07F01414508D1A9F15B
:1064A0000C085FEA887106D07821324643462AE01C
:1064B000F9F7FAFE64E0782200230F2A06EB0301C5
:1064C0000FD909EB03040431103A54F80C7C54F84A
:1064D000045C54F8084CF75059F80370B0C11033FD
:1064E000EBE708EB03020027082F03D0D359CB5169
:1064F0000437F9E7D319CA19002104E013F8014B56
:10650000013902F8014B0029F8D1F9F7CDFE99F8CD
:106510002900082108224346009031A001F040FFE5
:1065200099F8280000F00700042804D82FA151F89A
:10653000200001F035FFD9F81C00DDE90458431EA6
:1065400013F8011F2329FBD0D9E90827D9F8101027
:10655000D9F834C0002F00D57F42294C0B2F02D828
:10656000284C54F827401718C01A6423CDE900C4FA
:106570001044791A5843B0FBF2F323A001F010FF46
:106580000BF1010B7FE7039C002C7FF470AF002020
:1065900031B0BDE8F08F00BF0CBE0008EAC10008B2
:1065A000202D2D2D20202D2D2D2D2D2D2D202D2D4F
:1065B0002D2D2D2D2D2D2D2D202D2D2D2D2D2D2D18
:1065C0002D2D2D20202D2D2D2D2D2D20202D2D2D2F
:1065D0002D2D2D2D2D2D2D202D2D2D0A00000000CF
:1065E000252D2A2E2A7320253364200083BF00081E
:1065F00095BF0008F1C100080CC200088CBF00085C
:10660000BEC1000868B800082030782530387820EE
:106610003078253038782020202025303264252518
:106620002020203078253038782025730A0000009B
:106630002DE9F04F91B00A200A2402F077F80027E4
:1066400008210430394A8DF8384010970F9104AC76
:106650000C9029A00D9401F0A3FE01F033FA34A0B0
:1066600001F09EFE454E47A538460CA9FFF778FC81
:106670009DF83890DDF840A0414F4FF0000803909E
:10668000D0452CDA54F828B0F9F70AFE1BF8041CA0
:1066900001F07F0149451DD1F9F706FEDBE906014E
:1066A000ABF10C030822CDE900013046082101F0CE
:1066B00077FE1BF8030CC007284608BF384601F0D8
:1066C0006FFE1BF8030C800754BF3348314801F0BC
:1066D00067FE01E0F9F7E8FD08F10108D0E7039F44
:1066E000002FC1D11E48816D1EA001F059FE00206F
:1066F00011B0BDE8F08F00BF252D2A2E7320207029
:106700006572696F64696320202074696D656F75B7
:106710007420202020616374697661746564202090
:106720002020206D6F64650A0000000078C2000818
:10673000202D2D2D2D2D2D2D2D2D2D202D2D2D2DA3
:106740002D2D2D2D2D2D202D2D2D2D2D2D2D2D2D86
:106750002D2D202D2D2D2D2D2D2D2D2D0A00000020
:106760000001002063757272656E74207469636B3A
:106770003A3078253038780A0000000069C00008F7
:1067800057C00008616374697661746564202020D5
:1067900000000000F5BC00082BBF000886B0FCF725
:1067A00017FB7A4F7A4C0DF1080B4FF44078DFF865
:1067B00010A5022600254FF001095946386840F01F
:1067C00010003860386800F01000029002983868B5
:1067D00040F020003860386800F0200002900298F5
:1067E000FCF724FF02900298386840F008003860F7
:1067F000386800F00800029002984FF00050C4F88A
:1068000010084FF0E140C4F810044FF40050C4F8F1
:10681000108405960495CDF80C90029004F5006064
:10682000D04705964FF4E14004F580665946CDE91E
:10683000039502903046D0474FF480705946CDE919
:10684000035502902046D04778205946CDE9035998
:1068500002903046D04703205946CDE9045011201C
:10686000CDE9028030462646D047DFF858840C2018
:106870004FF4E13104F54052C8E904504046C8E9FC
:106880000021C8E90255C8E90655FCF78BFB002832
:1068900040F00482DFF830444FF46020606406F575
:1068A000E05084F83C5084F83450C4F838902563A4
:1068B000C4E90A05206DC8B9002084F84C00606561
:1068C000CDE90400386840F400703860386800F49E
:1068D000007001900198FCF7A9FE01900320CDE91A
:1068E0000200019802A93046FCF79CF904F1280047
:1068F000FBF730FF234653F8502FD20619684FF0AC
:10690000100200F1CD81002840F0CA8141F202104E
:1069100021EA000002302065D4E90B01626C94F892
:10692000343010434A1EB2FA82F240EA430055095D
:106930000A46B1F5807F18BF2A0294F83C50012D19
:106940000ED143B1236D43F020032365636D43F003
:106950000103636504E0236C0E4D05EB43331A43DA
:10696000A36A5D6825F469452A43D84D5A609A6840
:106970002A400243B1F5807F9A6001D001290BD1F2
:10698000A16BD34A02EB015107E000BF181002408F
:106990000008014000E8FFFF0021DA6A22F47002DB
:1069A0001143CC4AD96299681140814240F07A8102
:1069B0000020012560650395216D65F301012165C6
:1069C00005210290049102A8FBF7ECFE002840F09C
:1069D00065810220B146CDE9025002A8FBF7E2FE34
:1069E000002840F05B81BC480027016841F08071BD
:1069F0000160BA484760016841F001010160C820A8
:106A000002F0CAF8B64EAE20B0470020B0471020C2
:106A1000B0474020B0478120B047CF20B047A120E9
:106A2000B047C820B047A620B047A820B0473F20B5
:106A3000B047D320B0470020B047D520B0478020D2
:106A4000B047D920B047F120B047DA20B047122034
:106A5000B047DB20B0473020B0472020B0470220AD
:106A6000B0478D20B0471420B047FCF755FCAF204D
:106A7000B0474FF08050C9F810044FF08040C9F87B
:106A800010044FF00050C9F81004FCF745FCC82072
:106A9000B047A120B047A620B04792A20020002115
:106AA0001023FCF751FDFCF75BFCDFF848A2A04D7A
:106AB0009BA391A0994A95A1CAE900539D4B5546C5
:106AC000CAF8140090488AF81870CAE9077845F89F
:106AD000103FC0E90021A0F81074CAE9027001213A
:106AE000C0E90275284602F083FB286828B1826A53
:106AF0001AB10AF11000102190478FA1032001F074
:106B0000C9FD48B101238E4A0021437200F11403EC
:106B1000C0E90533C0E907218A4D28618AA001F048
:106B200007FFDFF82C8268614FF401714046FBF7E4
:106B30001FF98848884F05F13402FCF7BEFD8748ED
:106B400005F13802FCF7B9FD854805F13C02FCF778
:106B5000B4FD844805F14002FCF7AFFDDFF80C926C
:106B60008148834B02214A46B8478248824B022122
:106B70002A46B8478148824B6A1C0221B84781489F
:106B8000814BAA1C0221B84709F10C027FA0032106
:106B90000023B8477E4F2E694FF49E713846FBF7AD
:106BA000E7F87C487C49C7F84461C7E94C8AC7E9E3
:106BB0004F107AA001F0BCFEC7F8080107F58670F7
:106BC00078A101F0D1FC44F8048B78A1204601F0B3
:106BD000CBFC286901F024FD00F054F97AA175A2DC
:106BE000002808BF1146084601F0DAFB286901F0C9
:106BF000CFFC14207A494FF480721323009077A0C1
:106C000001F079FFA86108B102F002F877490A247F
:106C100074A0C0221423009401F06DFFE86108B154
:106C200001F0F6FF744972A0FCF7FAFC286208B183
:106C300001F0EEFF73490A2470A0FCF7F1FC6862D2
:106C400008B101F0E5FF71496FA04FF40072142301
:106C50000094142401F04FFFA86208B101F0D8FF9E
:106C60006D496BA04FF4C0620623009401F043FF0E
:106C7000E86208B101F0CCFF0A2069494FF40072C4
:106C80001423009065A001F036FF286318B1654910
:106C9000A96401F0BDFFFCF71BFDFCE7FBF77EFDDF
:106CA0001C4608E0206D012240F0100020F0020098
:106CB000206554F8541F41EA02002060FBF76EFD86
:106CC000252C00088C160020DC010020FDF7E1FFD8
:106CD0000000F0FFFE0E1FFFFCED00E0001000E0E2
:106CE0007D35000848656C6C6F205254546872659D
:106CF00061642100740100207573617274315F65F5
:106D000073703832363600003807002065737038EB
:106D10003236365F77696669000000004CB60008BD
:106D2000657370383236365F6D7174740000000020
:106D300020B6000834C30008657370383236360058
:106D40000100FF00000100206D715F73656D0000A0
:106D5000F810002053C10008AD7C0008CCC1000829
:106D6000A8C1000894C000084BC100080000002022
:106D7000714000087CC100081950000887C1000854
:106D8000717A000891C10008E5400008504952009E
:106D9000FC140020A7C0000889C00008776B5F734F
:106DA000656D0000776B5F6C636B0000636D645F03
:106DB0006D7478004D51545420696E697420737558
:106DC0006363657373210A004D51545420696E69E1
:106DD00074206661696C6564210A00006C6564005A
:106DE000955C00086F6C656400000000E17A0008A3
:106DF0006468743131000000254300086164635FFA
:106E000073656E00C53F000870697200017D00085F
:106E10006D71747400000000057700086B657900DF
:106E20005958000855560008B0B5054C054DAC4200
:106E300002D201CC8047FAE7BDE8B040FFF7AEBC14
:106E400074C300087CC300081FB50520002403900C
:106E500001200194029001A8FBF7A4FCFBF7BAFD06
:106E6000FBF71EFD10B90448806AC46CFBF732FEC4
:106E7000A0B204B010BD00BFDC010020D2484069C0
:106E800001F065BDF0B5ADF5037D7CA001F088FA99
:106E9000804C206848B1016B39B17E488847014673
:106EA00020B97DA001F07CFA03E0012183A001F06C
:106EB00077FAC82001F070FE89A001F071FA904EB7
:106EC000306828B1026A1AB18D480021904790B10C
:106ED0008E4801F065FA206828B1816819B16D4CBF
:106EE0002046884778B1A44801F05AFA4FF0FF30A5
:106EF0000DF5037DF0BD834801F052FA824801216F
:106F0000C1700020F4E72068C8B1026972B1614D18
:106F10000DF10B012846904740B99DF80B107C48B5
:106F200001F03EFA9DF80B0001286AD1206830B1CB
:106F3000836923B1574803A940229847C0B17848D4
:106F400001F02EFA206870B1436963B15148754968
:106F500075A29847014638B9764801F021FAC82051
:106F600001F01AFE08E00121824801F019FABDE79C
:106F70006A4803A901F014FA6F4801F011FA624D52
:106F80002879C0B1724801F00BFA306860B14768E7
:106F900057B15B4C6F4A0126002140F25B730096AB
:106FA0002046B847002842D0714801F0F9F9002086
:106FB000A5F803009AE713AC40F2811104F13F00F9
:106FC000FAF79EFB5D4920463F22FBF771F95C49C9
:106FD00004F140007F22FAF761FB5A4904F1C00036
:106FE000FF22F9F792FC3068D8B10368CBB144486E
:106FF00013AA002198470146A0B9012028715248E0
:10700000C1E7444801F0CCF9286868B1C2685AB1B8
:10701000204801219047014638B9642001F0BCFDA9
:1070200084E701214948A0E701213B489DE74A4800
:10703000EE7001F0B5F92068D8B1C568CDB1474A06
:10704000FCF7EAFA2068A0B1C56895B1444AFCF79C
:10705000E3FA206868B1C5685DB1424AFCF7DCFA22
:10706000206830B1C46824B125483F4A002101237B
:10707000A0473E4801F094F943E700BF526573749E
:10708000617274696E6720455350383236362E2E41
:107090002E0A00003807002045535038323636207B
:1070A000726573746172746564207375636365736C
:1070B0007366756C6C79210A0000000045535038E6
:1070C0003236362072657374617274204641494CC1
:1070D00045442120286572726F723D2564290A009B
:1070E000436865636B696E67204D51545420636F2C
:1070F0006E6E656374696F6E2E2E2E0A000000009E
:107100007401002030B9000800010020DABB00083B
:1071100049B900086CBB000891B9000875BA0008AD
:107120008DBB000865C2000831323334353637383C
:10713000000000001FB9000858BB000874A3000835
:10714000B4A30008C9C00008FCB80008B6B900081C
:10715000B0BB00081DC200080EB90008E9C2000853
:10716000B2C2000881C2000830C20008EAB80008B4
:1071700097BD0008D6B90008D1B8000870B592B024
:1071800006461148C07801281BD10DF107050C46B1
:10719000312105F10F00FAF7B3FA28463146FCF722
:1071A0005BFA01208DF847003CB105F11000214643
:1071B000FCF752FA02208DF847000DF1070000F0AD
:1071C000E9FB12B070BD00BF000100202DE9F04FB7
:1071D0009FB0DFF85084DFF84854DFF84CB440F239
:1071E000FF394FF0000A08F124000890286901F0E7
:1071F00017FAD8F80C4094F81409A8B1B4F8126939
:1072000004F2125158464E4528BF4E463246FBF70F
:107210004FF828690BF806A084F814A9A4F812A95D
:1072200001F0B6F916BBF8E1B4F91004B0F1FF3F74
:1072300000F3F081F9F734F8D8F80C4006465846C8
:10724000B4F8107404F110016FF3DF374F4528BF15
:107250004F463A46FAF722FA3046A4F810A4F9F756
:1072600023F828690BF807A001F092F9DFF8BC13A6
:107270005846F9F77EFA0028B8D00646DFF8B00382
:107280008021FAF775FDDFF8AC034FF48071FAF74F
:107290006FFD08982021FAF76BFD3046FCF7AAF93C
:1072A0000028A3D0471C22213846F9F758FA0028B5
:1072B0009CD00646C01B4FF680717F24084208BF51
:1072C00084B2DFF86C033946FCF7C9F900F804A072
:1072D000701CFCF7CDF900283FF488AF471C3846F6
:1072E000F9F730FA064680B210B1B0F5807F00D9C8
:1072F000FF263846FCF7BCF900283FF477AF411C65
:10730000B4B2CC48FCF7ABF9CB4900F804A0F9F7CC
:1073100030FAC74E18B3FCF7A8F900B3821C411C21
:10732000087840F00203222B04D101320131F7E743
:1073300012F8010BC0B228B1222803D02C2801D0AA
:107340007D28F5D1501E4FF6E0721F24401A1042DE
:1073500008BF84B20898FCF782F900F804A0B74986
:1073600030463122F9F717FA20B3B54930463822B2
:10737000F9F711FA00283FF439AFAD4CB1A0FCF792
:1073800071F9AC4EB4A0314601F00AF8B749204675
:107390003122F9F700FA002800F0EC80B4492046C9
:1073A0002922F9F7F8F900287FF420AFB1A000F006
:1073B000F7FF1BE79F4CB8A0FCF754F9BA4E301DFD
:1073C000059001F02DF9D6F800B0BBF1000F00F0E8
:1073D000D3802046B5A1F9F7CCF9002800F0CE8083
:1073E0007B21F9F7BCF90028079000F0C780002046
:1073F0000024049006909BF80002844280F0C38031
:107400000BEB441819AE1821ABA230464346F8F7EF
:10741000DFFF07983146F9F7ACF9002800F0A880A3
:10742000064619A8F9F707FA3044FCF71EF90028B8
:1074300000F09E800746384617F8011F2029FAD031
:10744000222930D07B2938461DD138469CA1F9F736
:1074500090F930B938469CA1F9F78BF9002800F073
:107460008780FCF702F9002800F0828001460B4675
:1074700011F8012F202AFAD0222A08460AD19F1C8F
:1074800012E010F8011FC9B299B12C2911D07D2941
:10749000F7D10EE0D2B27AB32C2A2DD07D2A2BD090
:1074A00010F8012FF6E7871C3846FCF7A3F80028F0
:1074B0005ED0C01B4FF6C0713F26084208BF86B29F
:1074C00009A839463246F9F720FA00F806A05846CE
:1074D000414600F0D5FB00284AD08146007C0328B5
:1074E00003D8DFE800F00245122109A8F9F72AF9CC
:1074F000D9F81410086025E0401A4FF6C0723F26F4
:10750000104208BF86B209A8DCE7704909A8052225
:10751000F9F741F990B1BDF8240031280ED0D9F81F
:10752000140080F800A00DE0D9F8140009A9FCF7B8
:1075300093F8D9F8140080F80FA003E0D9F81400EC
:1075400001210170D9F81C30012089F8180063B1BD
:1075500099F81020D9F814104046984728B1069899
:1075600001300690FF20049002E00698013006905A
:10757000013440E744A044E0FF2000E0FE20DFF8B3
:10758000A8B0002105E0DFF89C80DFF89CB00698E9
:10759000049940F2FF394CB2C82746B24C48002C3F
:1075A00048BF40F2F51731462246002E48BF4FF43F
:1075B000FA773B4600F0F4FE059800F0E9FF2869F1
:1075C00001F02EF8474843A1002C48BF084646A1C9
:1075D000002E48BF0846D8F8001061B1CC6954B1FC
:1075E0000899444A444B02904046CDE900170021D7
:1075F000A047064600E00126286900F0C9FF26B131
:107600003E48314600F0CCFEF0E53D48394600F0FA
:10761000C7FEEBE5286900F0BBFF1FB0BDE8F08FA7
:10762000000100207401002094170020B5C000085C
:10763000941C0020941B00207FC00008B2C20008E8
:10764000E9C200085B6D7174745D20746F706963CA
:107650003D25730A000000005B6D7174745D20703D
:1076600061796C6F61643D25730A000081C2000876
:1076700030C200085B6D7174745D204F5441206905
:107680006E666F726D0A00004F6E654E657420471E
:1076900045543A2025730A005B6D7174745D205364
:1076A00045543A2025730A00DC01002022706172E3
:1076B000616D73220000000022257322000000008B
:1076C0002276616C756522002276220003C20008D2
:1076D000FFBC000863616C6C6261636B5F65727212
:1076E0006F720000E0C1000870617273655F6572BF
:1076F000726F720089C00008A7C00008F7B90008BF
:1077000070B9000896B04FF4FA6001F045FA7F486E
:107710007F490022C068C0F81819C0F81C297DA054
:1077200000F03EFE8A4EDFF80CA206F5867703973E
:10773000FFF74CFDDAF814404FF4FA600590F8F7C3
:10774000AFFD8046A08B38B10138A083FBF759FF0D
:107750009AF8030080BB31E0DAF864900020C9F8A1
:10776000300004F114004946627AFCF746FB09F147
:10777000440505A9284601F080FA284601F088FA58
:10778000FBF73FFF01F026F8D9F830100029DFD0D1
:107790009AF803000231DDD180B9DAF8100000F068
:1077A0003FFFFFF76FFB10B963A000F0F9FDDAF8B7
:1077B000100000F0EDFE01E0FFF708FD384600F094
:1077C0002FFF96F80451002D00F09C8005A831464B
:1077D0004122F9F763FF00242846C2B2E1B2013A20
:1077E0008A420BDD01EB81104122304400F141015E
:1077F000FAF75EFD96F804010134EEE7013886F8E9
:107800000401384600F0C4FE002D91D051484FF4D9
:10781000D8710495FAF7ACFA9DF85400D6F8307197
:1078200000244FF0000B4FEA00195FFA8BF8A145D6
:1078300037D017B305A80119384600F021FAE0B196
:10784000824644486C2108FB01052846FAF790FA65
:1078500005F1200051463F22F9F757F89AF8101029
:10786000032985F8681004D80020DFE801F002172A
:107870000810DAF81400006807E000200EE0DAF8DB
:1078800014000078002818BF0120286605E0DAF807
:10789000141028461F22F9F738F8012083441034C9
:1078A000C3E7DFF890A0039F5FEA0B6025D0D6F80E
:1078B000440108B100F0B4FED6F8340178B1016893
:1078C00069B18C695CB1234DD6E94F2396F8381124
:1078D000CDE9005820A50295A047054600E0012506
:1078E000D6F8440108B100F053FE15B11BA029469B
:1078F00001E021A0414600F053FD049800287FF4E8
:107900005BAF15E7384600F043FE11E77401002035
:107910007D6E00085B6D7174745D20556E696669DB
:107920006564207468726561642073746172746543
:10793000640A0000000100205B6D7174745D2052C8
:1079400065636F6E6E6563746564210A00000000F4
:10795000FC1400202044002030303100576F726B3F
:1079600065723A20504F5354204641494C202865B7
:1079700072723D2564290A00576F726B65723A2056
:10798000504F5354204F4B202825642070726F7045
:1079900073290A002DE9F04178B11D4C064604F523
:1079A0008678404600F03CFE94F80401042806D393
:1079B0004046BDE8F04100F0EBBDBDE8F081B0B15C
:1079C0000025374696F84000854218D294F84000CA
:1079D000032809D804EB00103946FBF73DFE94F864
:1079E0004000013084F8400010370135EAE72046B6
:1079F00031464122FAF75CFC012084F8040140463C
:107A000000F0C6FDD4F80801BDE8F04100F09FBFCA
:107A1000FC14002070B50AA000F0C2FC0F4D11A4A8
:107A2000EE6C286D864205D2F6E80312204600F07F
:107A3000B7FCF6E70A4800F0B3FC002070BD00BFB9
:107A400052542D546872656164207368656C6C20B3
:107A5000636F6D6D616E64733A0A0000000100206F
:107A600081BF0008252D313673202D2025730A0093
:107A700080B509784FF08040074A012908BF4FF4CC
:107A800080401060064A0548002908BF024605A04C
:107A900000F086FC002080BD100C01405FC1000892
:107AA00080C100084E4542554C495A4552206368F2
:107AB000616E676564202D3E20256420282573298A
:107AC0000A000000B0B56FF0070504A425B12046F8
:107AD00000F066FC0135F9E7B0BD00BF2D000000E5
:107AE000564D5B4EDFF894B14FF00A084FF067092E
:107AF000FBF736FC4FF4FA7001F04EF8FBF70CFC84
:107B000000200021002210230027A8471220002176
:107B100001221023A8472420002102221023A84775
:107B20003620002103221023A847482000210422E8
:107B30001023A8475A20002105221023A8476C20B3
:107B4000002106221023A847082010213CA2102360
:107B5000B047142020213FA21023B047002030213D
:107B60003FA21023B0473F2030213FA21023B0474F
:107B70003F4C3020302110232278FBF721FC207865
:107B80000130C1B27E2988BF20205FFA80FA2070C0
:107B9000F8B202281CD8C7F102000121020604D065
:107BA00001EB810101384900F8E7BAFBF1F010233D
:107BB000B0FBF8F101EB8101A0EB4100302140F076
:107BC000300209EBC700C0B2FBF7FAFB0137DFE771
:107BD000284CA047284F4FF4FA70B847FBF79CFB9E
:107BE0000020002100221023A8471020002100229D
:107BF0001823A8471820142100222023A84740203A
:107C0000002100224023A847A0474FF4FA70B8474C
:107C1000FBF782FB002000215A460823B0470020D2
:107C200008215A460C23B047002014215A4610233D
:107C3000B047A0474FF4FA70B84759E791340008AD
:107C40005A484F4E474A494E475955414E00000049
:107C500049350008323031342F30352F30310000B3
:107C600041534349493A0000434F44453A0000001C
:107C70009800002061330008998B0008C5C00008F7
:107C800070B50C4690F800124D1C013D04BF002059
:107C900070BD214600F12006F8F762FE002830464C
:107CA00004BFA6F1200070BDEFE7000028B32DE966
:107CB000F8431446FAB10746104890F800520F2DC9
:107CC00019D8DFF83880894639461E464046FFF706
:107CD000D7FF80B908EB45103946FBF7BDFC002102
:107CE000C661446180F810900176C17398F8000273
:107CF000013088F80002BDE8F8437047F810002012
:107D000098B040F2DC5000F047FF07A8324E0F3029
:107D1000069041A0D0E90112CDE904218189807B40
:107D2000029042A00391D0E90151878990F80E801A
:107D30002AA0D0E9019AB0F80CB0847B01911C48CC
:107D40000068C0050DD429A000F02AFB3248F0607D
:107D50000598306104987061039830830298B0767A
:107D60000AE014A000F01CFB1C4806F10C01A6F868
:107D700018B0B47681E801062B48C078012812D1EA
:107D800006983121F9F7BCFC0120ADF828708DF878
:107D90002A808DF85C002548CDE9070501980990F7
:107DA00007A8FFF7F7FD40F6B83000F0F5FEC6E78C
:107DB000080801405049522053656E736F723A2093
:107DC0004E6F7420646574656374656420284E6F1B
:107DD000206F6E65290A0000000000206E6F745F3E
:107DE0006465746563746564000000005049522046
:107DF00053656E736F723A2044657465637465648D
:107E0000212028536F6D656F6E652069732068654A
:107E10007265290A00000000646574656374656416
:107E20000000000000000000000100205049520046
:107E30000000000000000000000000002DE9F04FED
:107E400088B0DDF84CE05FA64FF0300B94465FEA57
:107E50004E6457A458BF26465FEACE6448BF2EF052
:107E6000010E5FEACE7408BF4FF0200B5FEA8E74FC
:107E7000DDE9114905D400224FF00108019200927A
:107E80001BE0BCF1FF3F07DD5FEA4E750FD45FEAF0
:107E90000E75F0D520220BE00122CDF80CE0CCF1DC
:107EA000000C0192002202922D2200920AE02B2265
:107EB00000924FF0000801220192BCF1000F20D087
:107EC000CDE9028E00270A250DF11008BCF1000F44
:107ED00013D0BCFBF5F20CF00F0E0A2B02EB820A5A
:107EE00008BFACEB4A0E16F80E4008F8074018BF62
:107EF0004FEA1C1201379446E8E7DDE9028E119C37
:107F000003E0302201278DF810204F454B46C8BFB3
:107F10003B46E21A1EF0110F10D10024002AC8BF00
:107F20000124019D2C402025121B012A05DB8842DB
:107F300038BF0570013A0130F7E7013AB8F1000F98
:107F400005D188423CBF009C04700130013A5FEAD1
:107F5000CE6409D4012A06DB884238BF80F800B01D
:107F6000013A0130F6E7013A30259F4205DA8842AE
:107F700038BF0570013B0130F7E704ABB9F1000FE2
:107F800010D0002F0EDD884203D2DC1914F8014C0A
:107F90000470013F0130F1E788423CBF20230370A9
:107FA000013A0130012AF7DA08B0BDE8F08F00BFCE
:107FB000303132333435363738396162636465665F
:107FC0000000000030313233343536373839414221
:107FD00043444546000000000148024901607047E3
:107FE0000CED00E00400FA05002842D0F8B5044684
:107FF000FBF7ECFE214651F80C0D20F00100D0F803
:1080000030C0086061453CBF01638C46826A54F809
:10801000085C076AAE188B1B3B44036212D03378AE
:10802000DB070FD1C36A9E420CD0B44504BF016385
:108030008C467568002333608B1A44F8085C7668B8
:108040001644B36054F8046C97198F420DD03B78F6
:10805000DB070AD18C4508BF07637D60002044F828
:108060000C0C54F8080C10448660BDE8F840FBF78F
:10807000B5BE70470446016C7148724DA847616AED
:108080007148A847A16A7148A847E16A7048A847A3
:10809000216B7048A84761686F48A847A1686FA026
:1080A000A847E16871A0A847216974A0A847616941
:1080B00076A0A847A16979A0A847E1697BA0A84755
:1080C000216A7EA0A847616B80A0A847A16B83A00E
:1080D000A847E16B85A0A8472078400703D48948CA
:1080E00000F05EF906E08548416E854800F058F9D9
:1080F000FEF7A0F9844C6068800702D5834800F041
:108100004FF96068400040F19280607888B3804801
:1081100000F046F961787F4800F042F96078C007C6
:1081200002D07D4800F03CF96078800702D57B489A
:1081300000F036F96078400702D5794800F030F950
:108140006078000702D5774800F02AF96078C00609
:1081500002D575A000F024F994F90100B0F1FF3FB9
:1081600003DD744800F01CF903E02169704800F059
:1081700017F9207858B3704800F012F921786F4849
:1081800000F00EF92078C00702D06D4800F008F921
:108190002078800702D56B4800F002F920780007AC
:1081A00002D5694800F0FCF82078C00602D567487F
:1081B00000F0F6F894F90000B0F1FF3F03DD5D48F0
:1081C00000F0EEF803E0E168614800F0E9F860884B
:1081D00068B3604800F0E4F861885F4800F0E0F8B8
:1081E0006088C00702D05D4800F0DAF86088800738
:1081F00002D55B4800F0D4F86088400702D55948A2
:1082000000F0CEF86088000702D5574800F0C8F8A3
:108210006088C00502D5554800F0C2F86088800526
:1082200002D5534800F0BCF8424800F0B9F8606845
:10823000B0F1FF3F02DC4F4800F0B2F8FEE700BFAC
:1082400076BF0008A183000835BF000842BF0008C0
:108250004FBF00085CBF000869BF00087230353AA4
:10826000203078253038780A000000007230363A25
:10827000203078253038780A000000007230373A14
:10828000203078253038780A000000007230383A03
:10829000203078253038780A000000007230393AF2
:1082A000203078253038780A000000007231303AEA
:1082B000203078253038780A000000007231313AD9
:1082C000203078253038780A000000007231323AC8
:1082D000203078253038780A00000000206C723A8F
:1082E000203078253038780A000000002070633A8A
:1082F000203078253038780A000000000001002086
:10830000B4B800089AB8000828ED00E0C3BD000822
:108310002ABC000815C0000800C00008F5BF00080E
:10832000F3BF0008E9BF000853544B4552522000E8
:10833000BEBC000881BF000809BC00082BC00008B3
:10834000C4BF0008BABF0008E8BF0008DFBF0008CC
:10835000CEBC00081CBC000841C0000809C00008D1
:10836000B0BF00089EBF0008D9BF0008A5BF000825
:10837000CEBF00081EBF000810B50649064B074CCB
:108380000A681B68B3FBF4F358430B689B1A8342DB
:10839000FBD310BD041000E01C00002040420F0081
:1083A00083B0FCB5054607A8174C0EC007ABFF21EC
:1083B0002A462046009300F0C9FC1449002081F8A9
:1083C00040000D218DF80710215C01300029FBD100
:1083D0000E4D471E0DF107068FB120780A2805D1F2
:1083E0002846314601220123FAF70AFF2846214692
:1083F00001220123FAF704FF013F0134ECE7BDE855
:10840000FC4003B0704700BF1C410020D416002080
:1084100001464FF0FF300A46126801308A42FBD114
:10842000704700002DE9F0410446FBF7CFFC64B132
:10843000E748D0F85CE0E01C20F003050C2D98BF65
:108440000C25DEF834C0AC4505D20024FBF7C6FC91
:108450002046BDE8F081DEF82810DEF83080ACEB75
:108460000504A8EB0107A742EFD83E46CB19885D6B
:108470005F68C007F7D106F10C003A1AAA42F2D39E
:1084800005F11804A24205D2DEE90824B81B104405
:10849000844214E005F10C0405442EF001000CF1B7
:1084A0000C024851481947605D6086604068904200
:1084B0001CBF08448560DEE9080220448242CEF8F1
:1084C000200001D2CEF824004EF001001860434590
:1084D0000ED109E0DEF82C00804509D0D8F8040060
:1084E00001EB0008CEF8308098F80000C007F1D109
:1084F00003F10C04AAE700BF10B5814209D28B1822
:10850000834206D90139431E5AB18C5C9C54013A0E
:10851000FAE703462AB111F8014B013A03F8014B7F
:10852000F8E710BD10B5042A15D310F0030312D1DB
:10853000CBB24FF001345C4303460F2A08D9C3E99C
:108540000044C3E90244103A1033F6E710C3043A7A
:10855000042AFBD204E0034602E003F8011B013ABF
:10856000002AFAD110BD000010B50A4603210446C6
:1085700000F0F0F8054A002004F11401C4E90511E7
:10858000C4E907200120607210BD00BF0100FF0098
:1085900070B50546E548466EF7F782FE0446286A40
:1085A000864203D04FF0FF30306304E0E87F0138AB
:1085B000E877000604D02046BDE87040F7F774BEA7
:1085C000294696F8352011F81E0F904202D0304609
:1085D00000F075FA294651F8140F884213D0A0F123
:1085E0001401296290F82110A977E97FFF29E2D0D0
:1085F0000131E977FBF7FEFB2046F7F755FEBDE8B2
:10860000704000F0E7B8A88B4FF6FF718842D2D0D7
:10861000002101302962FF21A883A977CBE700BFA1
:1086200070B50546C148466EF7F73AFE044600208D
:108630003063286AB04207D0A98B79B1481E2E62F8
:10864000A88396F83500A877E87FFF281CBF013083
:10865000E8772046BDE87040F7F726BE314690F82F
:10866000353011F8352F9A4238BF00F028FA6A7A6F
:1086700005F114003146FBF7C0FB2046F7F714FE66
:1086800000F0A8F8306B00B170BDF7F709FE0446A2
:10869000DFE700BF2DE9F0410E46074600F046F83F
:1086A0000546C068FFF7BEFE0446C8B1EA6820462A
:1086B00000214FF00008FFF735FF3146082284F80B
:1086C0000980277200F0E4F9F7F7EAFD55F8041F76
:1086D000224642F80C1F4A602A605560F7F7E4FD15
:1086E0002046BDE8F08110B5FAF7EDFF224621697A
:1086F00052F80C3F5960216922610B601260F7F754
:10870000D3FD2046BDE81040FFF76EBC10B5FAF768
:10871000DAFF54F80C1F62684A6062681160C4E9AD
:108720000044BDE81040F7F7BFBD000008496FF0F6
:108730007F0212F1100304BF002070470A4492F830
:10874000802082421A46F4D1C8187030704700BFAA
:10875000200000202DE9F0410446084690460E46D0
:10876000FFF7E4FF0746F7F79BFD704DE9890131FC
:10877000E981F7F799FD043738460068B842FCD123
:10878000F7F78EFDE9890139E98109B2002902DD97
:10879000F7F78AFD07E00021E981F7F785FD686EAC
:1087A00008B100F017F846F0800041460822207218
:1087B000204600F06DF9F7F773FD396844F80C1F97
:1087C0004C603C606760BDE8F041F7F76DBD00BFED
:1087D00000010020F8B5F7F763FD544F0446F8890F
:1087E00020B12046BDE8F840F7F75EBD386E00289E
:1087F000F7D06846FBF726FB7D6E064695F83400F9
:1088000000F0070103290DD195F83510009A8A422E
:1088100003D803070AD48A4208D100F0F70085F88C
:10882000340020E0AE421ED07E6609E000F0F70082
:10883000AE4285F8340016D028467E6600F022F855
:10884000304600F051F896F8340006F11C0100F0B3
:10885000F800033086F8340005F11C003A7B72B151
:10886000F7F725FDBDE7284600F03EF8786E90F852
:10887000341001F0F801033180F83410B1E7F7F754
:1088800016FDAEE7B0B50446F7F70AFDEA4994F8DD
:1088900034504B6E05F0F802A34213D042F00102AF
:1088A000214B2D0784F8342094F8352003EBC202C5
:1088B00004F114030BD4156865616B60136004F157
:1088C000180308E042F0030184F8341008E055680A
:1088D000A5612B6053601A60A26B0B6E1A430A6687
:1088E000BDE8B040F7F7E0BC10B50446F7F7D8FC98
:1088F000214651F8142F4B6853604B681A60C1E948
:10890000001191F82110084A02EBC10352F831100E
:10891000994205D1C84AA16B136E23EA0101116681
:10892000BDE81040F7F7C0BC1C4200200001002049
:1089300080B501460220FFF7ADFE38B100218183EA
:108940000121417200F11401C0E9051180BDF8B5A3
:108950000646F7F7A5FC3746044657F8145FBD42B4
:1089600003D02846FBF746FA0BE0B08B4FF6FF71B9
:10897000884204D12046BDE8F840F7F795BC0130A5
:10898000B0832046F7F790FCBD4208BFF8BDBDE8B4
:10899000F840FFF71FBF00001CB50948094CA0476D
:1089A00009A0A04711A014A101220123CDE90010C4
:1089B00014A00421A0471CA02146BDE81C40084784
:1089C00000BC0008A18300082D205254202D202037
:1089D000202020546872656164204F706572617454
:1089E000696E672053797374656D0A0031353A32C8
:1089F000333A3031000000004D61792033312032AC
:108A000030323600202F207C205C202020202025A2
:108A1000642E25642E2564206275696C642025739C
:108A20002025730A000000002032303036202D202F
:108A30003230323220436F70797269676874206215
:108A4000792052542D546872656164207465616D9B
:108A50000A00000082B0E0B5CDE9042304AB05A212
:108A60004FF0FF31019300F071F9BDE88C4002B086
:108A7000704700BF7469646C6525640003780A78E8
:108A800023B1934202D101310130F7E7981A7047C0
:108A90006AB1B0B5034604460D7804F8015B3DB1F8
:108AA000013A01F101012346F6D1BDE8B04070471B
:108AB000012100248A42F8D05C540131FAE770B5F4
:108AC0000E460546F7F7ECFB044695F8340000F037
:108AD0000700012808D12846FFF706FFFAF782FDB4
:108AE0002846FFF7CFFE01E0FAF77CFD2046BDE8FF
:108AF0007040F7F7D9BBFEB50E46014601201F4670
:108B00001546FFF7C7FD88B104462846FFF78AFCE3
:108B100048B10246089831462B46CDE90070204600
:108B2000FBF7EAF903E02046FFF7DDFD00242046CD
:108B3000FEBD0000DFF85C800020042825D1D8F8B5
:108B40000060464523D0F7F7ABFBD6E900124A6038
:108B500072681160C6E90066F7F7A6FB16F90C7C8F
:108B6000F56DA6F11404B7F1FF3F02DC2046FFF7D4
:108B7000CDFD0DB12046A847002FE0D47069FFF766
:108B800033FA2046FFF7AFFDD9E70130D5E70020E3
:108B9000D3E700BF90000020F8B540EAE0700090F5
:108BA0005C48446EF7F77CFB0546002720462763A8
:108BB00000F044F804F144066946304600F05DF8E0
:108BC000304600F065F82846F7F76EFBFFF702FE27
:108BD000206B023008BF2763F8BD00BFB0B5044664
:108BE00090F8340000F00700022818BFB0BDF7F776
:108BF00057FBFAF78CFD04F14400096000F08CF893
:108C00002046FFF73FFE2846BDE8B040F7F74CBBD3
:108C100080B50221012280F8341090F8351002FA54
:108C200001F18163FFF7DAFF3A48406E18B1BDE801
:108C30008040FFF7CFBD80BD00010020B0B50446E5
:108C400090F8340000F00500012818BFB0BDF7F718
:108C500027FB05462046FFF747FE94F8340000F056
:108C6000F800023084F8340004F1440000F054F8B5
:108C70002846BDE8B040F7F717BBB0B50C4605462F
:108C8000F7F70EFB21686962BDE8B040F7F70CBB4F
:108C90002DE9F0418046F7F703FB4146DFF874E029
:108CA00051F8142F0EF16C074B6853604B681A6033
:108CB000DEF858200B69096011F80BCC9D180122D1
:108CC0006FF000434D61DEF87040D2070ED0A7422E
:108CD00009D03E463F687A69521BF8D09A42F6D2D4
:108CE00000223746F1E700222746EEE73A68C8F847
:108CF000142051604CF001023960C8F8187088F8EF
:108D00000920DEF868200132CEF86820BDE8F04185
:108D1000F7F7CABA0001002010B50446407AC00730
:108D200008BF10BDF7F7BCFA54F8141F62684A6018
:108D30006268116014F80B1CC4E9004401F0FE01E4
:108D400004F80B1CBDE81040F7F7AEBA2DE9F04F60
:108D500087B04518994606460DF1180A4FF0200BCA
:108D600006920491002948BF4FF0FF350590107816
:108D7000252807D0002800F02481AE4200D23070B0
:108D8000013609E1511C4FF00008084610F801298E
:108D9000202A09D0232A09D0302A09D02D2A09D027
:108DA0002B2A0CD1042006E0082004E0202002E059
:108DB000012000E0102048EA00080131E5E7A2F1B7
:108DC00030030691092B05D8504600F033F9069977
:108DD00004460EE02A2A0AD1811C069159F8044B58
:108DE000B4F1FF3FDCBF48F01008644201E04FF0EF
:108DF000FF340B782E2B0BD14A1C06924878A0F139
:108E00003003092B07D8504600F014F906990CE0FE
:108E10004FF0FF3C0CE02A2804D10231069159F8AA
:108E2000040B02E04FF0FF3011460B7820EAE07CA3
:108E300043F004006C2805D1481C9E4606904F78EC
:108E4000014602E04FF0000E1F46A7F16F0009280F
:108E50000BD9252F44D0582F47D0692F18BF642F26
:108E60000DD148F002080A2342E00A23DFE800F0AF
:108E700005175B5B2B5B405B5B3F082338E0632F90
:108E800051D15FEAC86000F18C80022CC0F288806A
:108E9000AE4238BF86F800B0013C0136F5E7601CF1
:108EA00059F8042B08BF08242946CDE9004CB0FA34
:108EB00080F01023400940EA0800C0B2029030461A
:108EC000FEF7BCFF67E059F8041B46A0002908BF65
:108ED000014600239C4233D0C85C90B30133F9E7CC
:108EE000AE42BFF44DAF252049E748F040081023BB
:108EF000BEF1680F04D0D9F80020BEF16C0F05E078
:108F0000B9F800205FEA887048BF12B25FFA88F0B3
:108F10002946CDE9004C02903046FEF78FFF064609
:108F200009F1040938E0AE4203D2252030700699D9
:108F30000F78701C6FB3A84238BF077002362BE061
:108F4000234663451A46C8BF6246BCF1000FD8BF2E
:108F50001A465FEAC86009D4A24206DAAE4238BFB8
:108F600086F800B0013C0136F6E7013C0023F0181A
:108F700093420BDAA8423CBFCF5C07700133F6E79F
:108F8000A84238BF80F800B0013C0130A242F7DBB4
:108F900001E00139069106460698421C0692E6E673
:108FA000013CAE423CBFD9F80000307009F1040921
:108FB0000136022CF0DBAE4238BF86F800B0013C2F
:108FC000F6E70498059A002848BFD04328B1AE427E
:108FD000304628BF681E00210170B01A07B0BDE8F6
:108FE000F08F00BF284E554C4C29000000207047E0
:108FF000002070470020704700207047F8B50446F5
:1090000009A50BA607463F68A74208BFF8BDA7F110
:10901000140228460821FFF7C3F93868A042F2D0AD
:109020003046FFF7BDF9EEE7252E2A730000000059
:109030002F000000026800211378303B092B84BF09
:1090400008467047531C01EB81010360127802EB64
:1090500041011A463039EFE710B50469002C4AD0B7
:10906000FAF715FB20F4F07041E80302002AF7D16B
:10907000FAF7A6FAFCD1206B012802D1FAF7DEFA42
:10908000FCD120684069000614D5206850E8050F1F
:10909000216820F0800041E80502002AF5D1A06B8C
:1090A00040B100214163F9F72FFD18B1A06B806B2F
:1090B000202811D020684069400611D5FAF776FAC9
:1090C000FCD1E06B60B100214163F9F71DFD38B1BF
:1090D000E06B806B202803D110206064002010BD5D
:1090E00000202021E084E085606484F8421084F848
:1090F0004110206310BD042010BD82B00069A0B1F2
:1091000010290AD0082910D10021019100680168B6
:10911000019140680190019807E0002100910068EA
:109120000168009140680090009802B0704700000C
:1091300010B50469FCB1242084F841002068C1689E
:1091400021F40051C1601849884216D0174988425D
:109150001FD11748016821F48041016015484FF480
:10916000C061F9F7F3FC144820210160BFF34F8F71
:10917000BFF36F8F0DE0042010BD0D48416821F44E
:10918000802141600B484FF4406100F58060F9F7A1
:10919000DDFC0020606484F8410084F84200206314
:1091A00084F84000606310BD004800400038014072
:1091B000181002400008014084E100E00069B0B1ED
:1091C000012908D0102909D004290AD002290ED17A
:1091D0006FF0800107E06FF0200104E06FF01001F4
:1091E00001E06FF040010068C2681140C160704743
:1091F000006990B1012907D0102907D0042907D0B0
:1092000002290AD1802104E0202102E0102100E09F
:1092100040210068C2681143C1607047006918B1FD
:1092200000684068002070470420704710B502694C
:1092300062B14B1E0020072B0AD82021DFE803F083
:109240000F04140C1414140E802108E0002010BD2B
:10925000102909D1102102E0402100E00821106806
:109260000068084018BF012010BD0069B0FA80F006
:10927000400980007047006910B10068406800E054
:109280000020C0B27047006928B121B11AB180B581
:10929000F9F764FF80BD04207047036923B319B355
:1092A00012B393F8420020281AD110B500241C6391
:1092B000DA855C64996222219A8583F842101A69E2
:1092C00019681AB1CA6842F48072CA604A6942F0E9
:1092D00001024A61CA6842F02002CA60BDE810403B
:1092E000203818BF0120704704207047006928B15A
:1092F00021B11AB180B5F9F783FF80BD0420704712
:109300000069D0B1C9B1C2B190F84130202B0FD162
:1093100010B50024C2844464212480F84140828432
:1093200001620068C16841F08001C160BDE8104081
:10933000B3F1200018BF0120704704207047006976
:1093400008B100684160704780B5FFF725FB002039
:1093500080BD000010B50446B0F91004B0F1FF3F25
:109360000EDC81B26FF3DF3151B104F11000002245
:1093700042540549F7F7FDF910B1204600F025F8F1
:109380000020A4F8100410BDB5C0000882B0BCB520
:1093900000F21244CDE9062306AA054620460192B2
:1093A000F7F704F82046F7F746FA0146E86840B1B7
:1093B000026832B1956825B18AB221464FF0FF3379
:1093C000A847BDE8BC4002B07047B0B5B0F9105432
:1093D000B5F1FF3F00DDB0BD6FF3DF35002DFAD0F2
:1093E000B5F5806F28BF4FF48065044600F1100189
:1093F00000F212502A46F8F75BFF0120A4F8125938
:1094000084F81409B0BD5FEA400C08BF91F0000F6A
:109410004FEA8C234FEAC12243EA51514FEA1C50D4
:1094200018BF00F5F0404FEA300018BF41F000418E
:109430005FEA6C5C00F02980BCF1FF3F08BF40F0A0
:1094400080407047130C06BF12044FF0100C4FF011
:10945000000C130E04BF12020CF1080C130F04BF12
:1094600012010CF1040C930F04BF92000CF1020CDA
:10947000D30F04BF52000CF1010C11464FF0000253
:10948000A0F11F00A0EB0C00704711F0004F08BFC7
:10949000704731F000413FF4D5AF0B0C06BF090413
:1094A0004FF0100C4FF0000C0B0E04BF09020CF132
:1094B000080C0B0F04BF09010CF1040C8B0F04BF47
:1094C00089000CF1020CCB0F04BF49000CF1010C18
:1094D000CCF1200322FA03F341EA030102FA0CF271
:1094E000A0EB0C0000F101007047000023F07F4763
:1094F00020F07F4C80EA030000F00040ACEB070353
:1095000003F57C5303F1FF032DE9804909B44FEAC9
:10951000144324EA03484FEA154B25EA0B4E0FF299
:10952000042606EB13273E7803FB0667C7F5000702
:1095300007FB06F64FEAD64606F102064FEA543715
:1095400007FB066CCCF1005C4FEA1C472CEA074C89
:109550000CFB06F507FB06F404EB15464FEA9616DE
:1095600049085FEA320234BF00204FF000404FEA62
:10957000D13706FB07FC4FEA1C4C0CFB0BF7D21B48
:1095800003FB0CF761EB07010CFB0EF7B0EB074098
:1095900072EB17420CFB08F734BFA2EB0742B2EBA9
:1095A000074261EB17414FEA0C444FEA910706FB73
:1095B00007FC4FEA1C4C0CFB0BF7B0EBC74072EBFF
:1095C000573203FB0CF734BFA2EBC742B2EBC742E2
:1095D00061EB57310CFB0EF7B0EBC70072EB577223
:1095E0000CFB08F734BFA2EBC702B2EBC70261EB7A
:1095F00057714FEA816141EA92114FEA826242EA71
:1096000090124FEA806004EBCC04039F4FEAD137FD
:1096100006FB07FC4FEA1C4C0CFB0BF7D21B03FBB1
:109620000CF761EB07010CFB0EF7B0EB074072EB98
:1096300017420CFB08F734BFA2EB0742B2EB07421C
:1096400061EB17414FEA8C5504EB9C244FEA9107DC
:1096500006FB07FC4FEA1C4C0CFB0BF7B0EBC740BA
:1096600072EB573203FB0CF734BFA2EBC742B2EBED
:10967000C74261EB57310CFB0EF7B0EBC70072EB42
:1096800057720CFB08F734BFA2EBC702B2EBC7025C
:1096900061EB57714FEA816141EA92114FEA8262B0
:1096A00042EA90124FEA806015EB4C2544F1000429
:1096B0004FEAD13706FB07FC4FEA1C4C0CFB0BF7BB
:1096C000D21B03FB0CF761EB07010CFB0EF7B0EBB1
:1096D000074072EB17420CFB08F734BFA2EB0742BE
:1096E000B2EB074261EB17414FEA813141EA924107
:1096F0004FEA823242EA90424FEA80304FEA0C76DB
:1097000015EB1C1544F1000448EA03434EEA0B48EC
:109710004FF0000EB2EB080C71EB030724BF62465A
:1097200039464EEB0E0E4FF0000B001852414941E6
:109730004BEB0B0BB2EB080C71EB03077BF1000B4F
:1097400024BF624639464EEB0E0E4FF0000B001858
:10975000524149414BEB0B0BB2EB080C71EB030789
:109760007BF1000B24BF624639464EEB0E0E51EAE8
:10977000020718BF46F0010616EB0E7655F10002FF
:1097800054F1000103D5BDE88901BDE80088BDE8BA
:109790008901BDE80048B619524141EB0101A3F12E
:1097A0000103704780807F7E7D7C7B7A7978777635
:1097B00076757473727171706F6E6E6D6C6C6B6AAE
:1097C0006A6968686766666564646363626161604C
:1097D000605F5F5E5E5D5D5C5C5B5B5A5A595958C9
:1097E0005857575656555555545453535252525133
:1097F000515050504F4F4F4E4E4D4D4D4C4C4C4B89
:109800004B4B4A4A4A4949494848484747474746CF
:10981000464645454544444444434343434242420B
:109820004241414110B546EA06464FEA164646EA2D
:1098300042564FEAD22242EA41524FEAD121A3F5E1
:109840007053A3F1010300F02FF820F0004000F066
:10985000004700F1020CBCF5006F01EB005011460F
:1098600040EA070000D210BDBAF1000F0AD01CB5C3
:1098700003B44FF004004FF004014FF000000FBCA0
:10988000BDE810404FF00001BBF1010FB9BF044823
:109890004FF0FF310348002140EA070010BD00BF30
:1098A000FFFFEF7F0000F07F9C46002B30D4770055
:1098B0002BD04FEA37071CB503B44FF010004FF020
:1098C0001001BAF1000F06D0BCF1000FDCBF40F070
:1098D000080040F008014FF000000FBCBDE8104048
:1098E0000BF1010BBBF1010F08BF5FEA170722BFA5
:1098F00012F1010211F101014FF0004143F10003A7
:1099000000F0004043EA00007047F9D35708D0E761
:1099100046EA06464FEA164613F1400F1FDD13F1E3
:10992000200FDFBF16430A46002120335B42BED022
:10993000C3F1200746EA06464FEA164602FA07F741
:1099400046EA070622FA03F2C3F1200701FA07F7F5
:1099500042EA070221FA03F14FF00003A7E746EAC3
:10996000020646EA06464FEA164646EA0106BCBF2C
:1099700046EA0646360C4FF000034FF000024FF067
:10998000000194E72DE9804C70B49A46934691E823
:10999000380007C831EA400C48BF34EA430C03D50D
:1099A000FFF7A4FDFFF780FFF0BCBDE8008C2DE9B8
:1099B000804C70B49A46934691E8380007C831EA63
:1099C000400C48BF34EA430C03D5FFF78FFDFFF787
:1099D00029FFF0BCBDE8008C2DE9804C70B49A469C
:1099E000934691E8380007C810F0804F08BF13F085
:1099F000804F03D100F01AF8FFF756FFF0BCBDE826
:109A0000008C2DE9804C70B49A46934691E838005A
:109A100007C810F0804F08BF13F0804F03D100F04B
:109A200005F8FFF7FFFEF0BCBDE8008C20F07F4793
:109A300023F07F4C80EA030000F0004007EB0C03AA
:109A4000A3F57C53A3F1FE0392F0000F00F0B38066
:109A500095F0000F00F077802DE901494FEA1140A1
:109A600021EA00484FEA144624EA064700FB06FCB8
:109A700008FB06F607FB08F818EB06484CEB164CFB
:109A800000FB07F718EB07484CEB17404FEA124B67
:109A900022EA0B4E4FEA154625EA06470BFB06FC69
:109AA0000EFB06F607FB0EFE1EEB064E4CEB164CAD
:109AB0000BFB07F71EEB074E4CEB174B18EB0B0895
:109AC00040F1000018EB0E0B58EB000840F10000CD
:109AD0008F1A4FF000014FF000063CBFC943661BD0
:109AE00014BFB5EB040C00213CBFC943F61B4FEA81
:109AF000174427EA04454FEA1C472CEA074C04FBAD
:109B0000076205FB07F70CFB05F616EB074642EB71
:109B1000174204FB0CFC16EB0C4642EB1C421BEB01
:109B2000060658EB020241414EEA8E0E46EA9E06B8
:109B300001D5BDE80189B619524141EB0101A3F1FC
:109B40000103BDE801894FEA144524EA05464FEABE
:109B5000114721EA074C05FB07F406FB07F70CFB4E
:109B600006F111EB074144EB174405FB0CFC11EB2C
:109B70000C4144EB1C444FEA124722EA074C05FB18
:109B800007F206FB07F70CFB06F616EB074642EB5F
:109B9000174205FB0CFC16EB0C4642EB1C456A1801
:109BA00054F1000148BF7047B619524141EB010121
:109BB000A3F10103704795F0000F37D04FEA11422F
:109BC00021EA02464FEA144724EA074C02FB07F158
:109BD00006FB07F70CFB06F414EB074441EB1741B7
:109BE00002FB0CFC14EB0C4441EB1C414FEA154703
:109BF00025EA074C02FB07F506FB07F70CFB06F608
:109C000016EB074645EB174502FB0CFC16EB0C4622
:109C100045EB1C42121951F1000148BF7047B619BB
:109C2000524141EB0101A3F1010370474FEA144592
:109C300024EA05464FEA114721EA074C05FB07F1E4
:109C400006FB07F70CFB06F212EB074241EB17414C
:109C500005FB0CFC12EB0C4251EB1C414FF00006D3
:109C600048BF7047921841EB0101A3F1010370470F
:109C7000490050EAC12018BF04204A0D18BF40F027
:109C8000010040F2FF72B2EB515F08BF40F00200EA
:109C9000012808BF0520704740F2013200204FF034
:109CA000E04100F093BA0000024A0020110700F0E2
:109CB0008DBA000001FDFFFF10B50446D1E9000197
:109CC00000F002F8206010BDF8B504460D466A4663
:109CD00000F06AF800987E30009000281EDC002218
:109CE00013462046294600F037F917D0002140F6E8
:109CF00008004FF0000006462046294600F0E6F82E
:109D0000044640F6080006EA00014FF0000034F077
:109D1000004004BF0220F8F77DF829E00098FF28F2
:109D200028DB002108464FF0000000F44006002226
:109D300013462046294600F0D5F98CBF00250125A1
:109D40000220F8F767F84FF0FF4446B1002D0CBF32
:109D50004FF400004FF48000B04218BF084C0421BB
:109D600008464FF00000002D04BF84F00040F8BD0D
:109D70002046F8BD20462946BDE8F84000F0A6B8C8
:109D8000FFFF7F7F10B504460A46D4E90003194659
:109D900000F036F8C4E9000110BD30380A2801D2BD
:109DA000012070470020704710B514460022226041
:109DB000114A21F000439342A8BF10BD53EA0002AC
:109DC00008BF10BDB3F5801FA8BF226807DA36228E
:109DD00000F0FCF96FF0350221F000432260DFF85B
:109DE0001CC06FF31E510CEB23531A4441F0FF517A
:109DF00041F00051226010BD0000F07F02FCFFFF27
:109E00002DE9F04106460C4640F2FF75174635EA4B
:109E100014502BD000221346304600F09DF825D078
:109E20003A463046214600F0D1F906460C4635EA5E
:109E3000145010D000221346304600F08DF815D192
:109E40000220F7F7E7FFFFF72FFF0A46214662F3EC
:109E50001E01BDE8F0810220F7F7DCFFFFF71CFFD1
:109E60000A46214662F31E01BDE8F08130462146D4
:109E7000BDE8F08110B500290AD00878002807D085
:109E800005487844F6F76CFD002801D0002010BD8D
:109E90000248784410BD0000D6250000CE25000001
:109EA00010B500290AD00878002807D00548784462
:109EB000F6F756FD002801D0002010BD0248784476
:109EC00010BD0000BA260000B226000021F00042BA
:109ED00001F00043A2F16052B2F5801F28BFD2F119
:109EE0007F6C0BD95FEA001C43EAC20242EB507060
:109EF00018BF704728BF20F001007047B2F5801FDF
:109F0000BCBF184670474FEA410C1CF5001F02D237
:109F1000084600F01DB970B500F096F80000008901
:109F2000FFF7F6BF4FF00040A0F58000704700003B
:109F300002494FF0000000F017B900BF0000F87FA1
:109F4000491058BFC1F140415B1058BFC3F14043B5
:109F50008B42EFF30080704751EA030C17D41CF5D5
:109F6000801F58BFBCF5801F00F10680994218BFC2
:109F7000704708BF9042704707D711F5801F58BF40
:109F800013F5801F19D499427047894270471CF518
:109F9000801F08D5BCF5801FF7D58B4218BF7047CE
:109FA00008BF824270474FF4001C1CEB410F38BFC2
:109FB0001CEB430F01D28B42704770B500F044F8A0
:109FC000922449004FF000514FF08053FFF7B8BF83
:109FD00051EA030C17D41CF5801F58BFBCF5801F35
:109FE00000F10680994218BF704708BF9042704741
:109FF00007D711F5801F58BF13F5801F19D4994258
:10A000007047894270471CF5801F08D5BCF5801F3A
:10A01000F7D58B4218BF704708BF824270474FF494
:10A02000001C1CEB410F38BF1CEB430F01D28B42CD
:10A03000704770B500F008F8922449004FF00051C5
:10A040004FF08053FFF77CBF0EF1020E2EF0030E8F
:10A050005EF8046B364205D4012A43EB030515F57F
:10A06000001F12D8012841EB010C1CF5001F0CD871
:10A070000ED14FEAD17C0CEB4C0C0CF1020C15F517
:10A08000001F08BF4CEBD37C04E04FF0080C01E04C
:10A090004FEAD37C0CEB4C0526FA05F606F00706D2
:10A0A000B6F1040C06D20EEB860CBDE870404CF005
:10A0B000010C6047DFE80CF0090B02024FF0004191
:10A0C000A1F500214FF0000070BD1946104601288F
:10A0D00051EB010418BFD4F5001484BF002001F037
:10A0E000004170BD53EA010C17D41CF5801F58BF06
:10A0F000BCF5801F00F106808B4218BF704708BF77
:10A100008242704707D713F5801F58BF11F5801F93
:10A1100019D48B4270479B4270471CF5801F08D5AD
:10A12000BCF5801FF7D5994218BF704708BF904211
:10A1300070474FF4001C1CEB430F38BF1CEB410F62
:10A1400001D2994270470FB40CBC03BCFFF771BF3A
:10A15000FF2141EAD050C00570474FF00000704722
:10A16000F6F7A1BDF7F74ABB0CF00F03092B08BFA8
:10A17000082000F05F800A2B0BD0082B18BF704717
:10A1800008BF1CF0400F0AD04FF000004FF0000154
:10A1900070471CF0400F18BF4FF0004070471CF094
:10A1A000100F08D000F07F4220F0704342EAD30144
:10A1B0004FEA4370704700F0604021F07F4242EA6E
:10A1C000000201F07F4040EA727070474FF0FF0CD0
:10A1D0004CF4E06C1CEA11531CBF9CEA030C944540
:10A1E000C2BFDA4201EB02517047002B0DD0BCF127
:10A1F000000F0FD001F00041002AA4BF41F0E04160
:10A2000041F07F614FF00000704701F000414FF0D6
:10A210000000704750EA01334FF09B0C18BF4CF020
:10A22000806C7FF485AE7047F7F7AAB8F7F706BEE3
:10A23000F7F794BF1CF4801F11D01CF4E02F03D05B
:10A240006FEACC31490070474FF04050EFF3008285
:10A2500022F0704242EA000282F3008870474FF019
:10A2600000007047303132333435363738394142A7
:10A270004344454640305800303132333435363768
:10A280003839616263646566403078000400000814
:10A2900000000000000000020001000010000000AB
:10A2A0000000000000000000303132333435363712
:10A2B00038396162636465667870003031323334F6
:10A2C000353637383941424344454658500000003E
:10A2D00002400000000000A0000000000540000057
:10A2E000000000C8000000000C4000000000409C7E
:10A2F00000000000194000000020BCBE000000006B
:10A3000034400000BFC91B8E00000004B5400000AF
:10A31000504BCFD06607E2CF010000006C41000037
:10A320003E8251AADFEEA73401000000D9420000AE
:10A33000DCB5A0E23A301F97FFFFFFFFB4450000F5
:10A34000FD25A0C8E9A3C14FFFFFFFFFFF3F0000AD
:10A350000000008000000000FF3F000000000080BF
:10A360000000000084C0000898C000089DC00008DC
:10A37000A2C0000853544D33324631303343385471
:10A380003600000000000000000000000000000097
:10A3900000000000000000000000000000000000BD
:10A3A00000000000000000000000000000000000AD
:10A3B000000000003679304A4D55464934320000DD
:10A3C000000000000000000000000000000000008D
:10A3D000000000000000000000000000000000007D
:10A3E000000000000000000000000000000000006D
:10A3F000000000000000000000000000000000005D
:10A40000000000000000000000000000000000004C
:10A41000000000000000000000000000000000003C
:10A42000000000000000000000000000000000002C
:10A4300000000000008060F847404444447F4444EA
:10A4400044444000010000FF40404444447F4444F1
:10A450004444400000020CC00020A464A43F2464D3
:10A46000A420200002027F00808944462B122A4645
:10A4700080810000008060F847404444447F4444A9
:10A4800044444000010000FF40404444447F4444B1
:10A490004444400000020CC00020A464A43F246493
:10A4A000A420200002027F00808944462B122A4605
:10A4B00080810000008060F847404444447F444469
:10A4C00044444000010000FF40404444447F444471
:10A4D0004444400000020CC00020A464A43F246453
:10A4E000A420200002027F00808944462B122A46C5
:10A4F00080810000008060F847404444447F444429
:10A5000044444000010000FF40404444447F444430
:10A510004444400000020CC00020A464A43F246412
:10A52000A420200002027F00808944462B122A4684
:10A5300080810000008060F847404444447F4444E8
:10A5400044444000010000FF40404444447F4444F0
:10A550004444400000020CC00020A464A43F2464D2
:10A56000A420200002027F00808944462B122A4644
:10A5700080810000008060F847404444447F4444A8
:10A5800044444000010000FF40404444447F4444B0
:10A5900044444000000000C080808080808080FCB7
:10A5A00084808080808080C0C0000000000000FFA8
:10A5B0007F404040404040FF40404040404040FFDE
:10A5C0007F00000000000000000000000000007F8D
:10A5D000700000000000000000000000000000000B
:10A5E0000000000000000000000000FCF800000077
:10A5F000000000000000000000000000000000005B
:10A60000FFFE020202020202020202FFFF02020237
:10A61000020202020202FF0300000000000000002C
:10A620001F1F040404040404040404FFFF040404BE
:10A630000404040404041F000000000000000000E3
:10A6400000000000000000000000007F3F0000004C
:10A6500000000000000000000000000000000000FA
:10A6600000000000000000000000000000000000EA
:10A67000000000000000000000F8F8F0F07020007A
:10A6800000000000000000000000000000000000CA
:10A6900000000000000000000000000000000000BA
:10A6A000000000008000000000000000000000002A
:10A6B000000000000000000000FFFFFFFF0000009E
:10A6C000000000000000000000000000000000008A
:10A6D000808000000000000000000000000000007A
:10A6E0000000000000FFFFFE06060606060606063E
:10A6F000060606060606060606FFFFFFFF06060616
:10A70000060606060606060606060606060606FFF0
:10A71000FFFFFF0702000000000000000000000033
:10A720000000000000FFFFFF00000000000000002C
:10A73000000000000000000000FFFFFFFF0000001D
:10A74000000000000000000000000000000000FF0A
:10A75000FFFFFF00000000000000000000000000FC
:10A760000000000000FFFFFF18181818181818182C
:10A77000181818181818181818FFFFFFFF181818BD
:10A78000181818181818181818181818181818FF62
:10A79000FFFFFF00000000000000000000000000BC
:10A7A00000000000020101000000000000000000A5
:10A7B000000000000000000000FFFFFFFF0000009D
:10A7C0000000000000000000000000000000000188
:10A7D0000100000000000000000000000000000078
:10A7E0000000000000000000000000000000000069
:10A7F000000000000000000000FFFFFFFF0000005D
:10A800000000000000000000000000000000000048
:10A810000000000000000000000000000000000038
:10A820000000000000000000000000000000000028
:10A830000000000000000000001F1F0F0F000000BC
:10A840000000000000000000000000000000000008
:10A8500000000000000000000000000000000100F7
:10A8600002000100030001000200010004000100D9
:10A8700002000100030001000200010005000100C8
:10A8800002000100030001000200010004000100B9
:10A8900002000100030001000200010006000100A7
:10A8A0000200010003000100020001000400010099
:10A8B0000200010003000100020001000500010088
:10A8C0000200010003000100020001000400010079
:10A8D0000200010003000100020001000700010066
:10A8E0000200010003000100020001000400010059
:10A8F0000200010003000100020001000500010048
:10A900000200010003000100020001000400010038
:10A910000200010003000100020001000600010026
:10A920000200010003000100020001000400010018
:10A930000200010003000100020001000500010007
:10A9400002000100030001000200010004000100F8
:10A9500002000100030001000200010000000000ED
:10A9600000000000002F0000000007000700001496
:10A970007F147F1400242A7F2A12006264081323A4
:10A9800000364955225000000503000000001C223B
:10A990004100000041221C000014083E0814000879
:10A9A000083E0808000000A0600000080808080829
:10A9B000000060600000002010080402003E5149C1
:10A9C000453E0000427F400000426151494600215F
:10A9D00041454B31001814127F1000274545453979
:10A9E000003C4A49493000017109050300364949D4
:10A9F000493600064949291E00003636000000008D
:10AA000056360000000814224100001414141414D7
:10AA10000000412214080002015109060032495980
:10AA2000513E007C1211127C007F49494936003E9C
:10AA300041414122007F4141221C007F4949494157
:10AA4000007F09090901003E4149497A007F080851
:10AA5000087F0000417F4100002040413F01007F0E
:10AA600008142241007F40404040007F020C027FDA
:10AA7000007F0408107F003E4141413E007F0909EC
:10AA80000906003E4151215E007F09192946004612
:10AA9000494949310001017F0101003F4040403FE9
:10AAA000001F2040201F003F4038403F0063140833
:10AAB000146300070870080700615149454300000E
:10AAC0007F41410000552A552A55000041417F0031
:10AAD0000004020102040040404040400000010226
:10AAE0000400002054545478007F4844443800380F
:10AAF0004444442000384444487F00385454541897
:10AB000000087E0901020018A4A4A47C007F0804A8
:10AB100004780000447D4000004080847D00007F78
:10AB2000102844000000417F4000007C0418047895
:10AB3000007C0804047800384444443800FC242491
:10AB400024180018242418FC007C08040408004879
:10AB50005454542000043F444020003C4040207C9A
:10AB6000001C2040201C003C4030403C0044281089
:10AB70002844001CA0A0A07C004464544C4414143D
:10AB80001414141400000000000000000000000075
:10AB90000000FC000000000002000000000C020C9D
:10ABA000020000000000000090D0BCD0BC90000368
:10ABB000000300001824FE448C0003020702010079
:10ABC0001824D8B04C80000300010201C038E438DA
:10ABD000E00001020201020208060000000000007D
:10ABE00000000000000000F8040200000001020460
:10ABF000000204F800000004020100009060F86008
:10AC000090000000010000002020FC202000000037
:10AC10000100000000000000000008060000000025
:10AC20002020202020000000000000000000000084
:10AC300000000002000000000080601C020004030D
:10AC400000000000F8040404F80001020202010000
:10AC50000008FC00000000020302000018844424E5
:10AC6000180003020202020008042424D800010292
:10AC70000202010040B088FC8000000000030200D6
:10AC80003C242424C400010202020100F824242CE4
:10AC9000C0000102020201000C04E41C04000000D8
:10ACA00003000000D8242424D8000102020201007D
:10ACB00038444444F8000003020201000000100080
:10ACC0000000000002000000000020000000000062
:10ACD000060000000020508804020000000001026D
:10ACE0009090909090000000000000000002048806
:10ACF00050200002010000001804C42418000000C5
:10AD000002000000F804E494F800010202020200CC
:10AD100000E09CF0800002030000030204FC2424F5
:10AD2000D800020302020100F80404040C0001022E
:10AD30000202010004FC0404F80002030202010004
:10AD400004FC24740C0002030202030004FC2474BB
:10AD50000C00020302000000F0080444CC40000193
:10AD60000202010004FC2020FC0402030000030294
:10AD70000404FC040400020203020200000404FCB8
:10AD8000040406040403000004FC24D00C040203A1
:10AD90000200030204FC040000000203020202039A
:10ADA000FC3CC03CFC0003000300030004FC30C476
:10ADB000FC04020302000300F8040404F80001028A
:10ADC0000202010004FC2424180002030200000017
:10ADD000F8848404F80001020207050004FC2464DE
:10ADE0009800020302000302182424448C0003028A
:10ADF000020201000C04FC040C000002030200002B
:10AE000004FC0000FC04000102020100047C80E05C
:10AE10001C040000030000001CE03CE01C000003D8
:10AE200000030000049C609C040002030003020075
:10AE3000041CE01C04000002030200000C84641CDB
:10AE400004000203020203000000FE0202000000F0
:10AE500007040400000E30C00000000000010200E2
:10AE6000000202FE000000040407000000040204C7
:10AE700000000000000000000000000000000808C2
:10AE800008080808000002000000000000000000A0
:10AE90000040A0A0C00000010202030204FC202028
:10AEA000C00000030202010000C020206000000179
:10AEB0000202020000C02024FC0000010202030282
:10AEC00000C0A0A0C0000001020202000020F8247F
:10AED00024040002030202000040A0A0602000073A
:10AEE0000A0A0A0404FC2020C00002030200030234
:10AEF0000020E4000000000203020000000020E443
:10AF0000000008080807000004FC80E0202002037D
:10AF1000020003020404FC0000000202030202001B
:10AF2000E020E020C00003000300030020E0202018
:10AF3000C00002030200030200C02020C000000184
:10AF40000202010020E02020C000080F0A020100D8
:10AF500000C02020E0000001020A0F0820E040208D
:10AF600020000203020000000060A0A020000002F8
:10AF7000020203000020F82000000000010202008D
:10AF800020E00020E00000010202030220E0208017
:10AF900060200000030100006080E080600000038A
:10AFA0000003000020608060200002030003020014
:10AFB00020E0208060200808070100000020A06039
:10AFC0002000000203020200000020DE0200000058
:10AFD00000070400000000FF00000000000F000058
:10AFE0000002DE200000000407000000020102044D
:10AFF000040200000000000000000000000000004B
:10B000000000000000000000000000F80000000048
:10B01000000000333000000000100C06100C060089
:10B02000000000000000000040C07840C0784000F0
:10B03000043F04043F040400007088FC0830000052
:10B04000001820FF211E0000F008F000E0180000AA
:10B0500000211C031E211E0000F008887000000063
:10B060001E2123241927211010160E0000000000B5
:10B070000000000000000000000000E018040200D2
:10B08000000000071820400000020418E000000043
:10B090000040201807000000404080F08040400041
:10B0A0000202010F01020200000000F00000000097
:10B0B0000101011F0101010000000000000000006B
:10B0C00080B07000000000000000000000000000E0
:10B0D0000001010101010101000000000000000069
:10B0E0000030300000000000000000008060180404
:10B0F000006018060100000000E010080810E000E1
:10B10000000F102020100F00001010F800000000A9
:10B110000020203F202000000070080808887000F0
:10B120000030282422213000003008888848300070
:10B130000018202020110E000000C02010F8000090
:10B1400000070424243F240000F808888808080029
:10B150000019212020110E0000E01088881800003E
:10B16000000F112020110E0000380808C838080010
:10B170000000003F00000000007088080888700090
:10B18000001C222121221C0000E010080810E00011
:10B190000000312222110F00000000C0C00000009A
:10B1A00000000030300000000000008000000000BF
:10B1B00000008060000000000000804020100800B7
:10B1C0000001020408102000404040404040400080
:10B1D000040404040404040000081020408000005B
:10B1E0000020100804020100007048080808F00060
:10B1F0000000003036010000C030C828E810E00030
:10B200000718272423140B000000C038E0000000BA
:10B21000203C23020227382008F888888870000024
:10B22000203F202020110E00C030080808083800F8
:10B23000071820202010080008F808080810E0006F
:10B24000203F202020100F0008F88888E808100010
:10B25000203F20202320180008F88888E8081000E4
:10B26000203F200003000000C0300808083800001C
:10B2700007182020221E020008F808000008F8081D
:10B28000203F210101213F20000808F808080000A4
:10B290000020203F2020000000000808F8080800D7
:10B2A000C08080807F00000008F888C0281808004F
:10B2B000203F20012638200008F808000000000088
:10B2C000203F20202020300008F8F800F8F808007F
:10B2D000203F003F003F200008F830C00008F80879
:10B2E000203F200007183F00E01008080810E00089
:10B2F0000F10202020100F0008F808080808F000A0
:10B30000203F210101010000E01008080810E000C2
:10B310000F18242438504F0008F888888888700057
:10B32000203F2000030C30200070880808083800F7
:10B330000038202121221C00180808F808081800ED
:10B340000000203F2000000008F808000008F8086E
:10B35000001F202020201F000878880000C838081F
:10B36000000007380E010000F80800F80008F80097
:10B37000033C0700073C0300081868808068180831
:10B3800020302C03032C30200838C800C8380800AF
:10B390000000203F2000000010080808C8380800FE
:10B3A0002038262120201800000000FE02020200A2
:10B3B0000000007F40404000000C30C00000000052
:10B3C000000000010638C00000020202FE0000007A
:10B3D000004040407F000000000004020202040020
:10B3E000000000000000000000000000000000005D
:10B3F0008080808080808080000202040000000045
:10B40000000000000000000000008080808000003C
:10B410000019242222223F2008F80080800000002A
:10B42000003F112020110E000000008080800000ED
:10B43000000E112020201100000000808088F800FC
:10B44000000E112020103F2000008080808000002E
:10B45000001F222222221300008080F08888881892
:10B460000020203F2020000000008080808080009D
:10B47000006B94949493600008F800808080000032
:10B48000203F210000203F2000809898000000000D
:10B490000020203F2020000000000080989800003D
:10B4A00000C08080807F000008F80000808080005D
:10B4B000203F24022D302000000808F80000000082
:10B4C0000020203F2020000080808080808080003D
:10B4D000203F20003F20003F8080008080800000CF
:10B4E000203F210000203F2000008080808000005D
:10B4F000001F202020201F0080800080800000008E
:10B5000080FFA12020110E000000008080808000BC
:10B51000000E112020A0FF808080800080808000AD
:10B5200020203F21200001000000808080808000DA
:10B530000033242424241900008080E0808000004F
:10B540000000001F2020000080800000008080009C
:10B55000001F202020103F208080800000808080FD
:10B5600000010E300806010080800080008080808D
:10B570000F300C030C300F000080800080808000B2
:10B580000020312E0E3120008080800000808080DD
:10B5900080818E701806010000808080808080008D
:10B5A0000021302C2221300000000000807C0202AB
:10B5B00000000000003F404000000000FF000000CD
:10B5C00000000000FF0000000002027C800000007C
:10B5D0000040403F00000000000601010202040498
:10B5E000000000000000000000000000000000005B
:10B5F0000102030406070809000C014008000000CE
:10B60000000C014010000000000C01402000000070
:10B61000000C014040000000000000000102030493
:10B62000B94E0008BD4800082D490008094E000821
:10B63000654E0008054B000875490008414C00089C
:10B640000D470008054D0008B547000815500008D3
:10B6500011500008E1440008B94F000855460008A1
:10B66000C5460008F14500080D4500085945000889
:10B6700071450008BD450008B54F0008ED4F0008B2
:10B68000B14600086C6564006C656420636F6E747D
:10B69000726F6C203A206F6E202F206F6666202F0D
:10B6A00020626C696E6B202F206272656174686520
:10B6B000202F206D6F6465202F2062726967687487
:10B6C0006E65737300636C65617200636C656172B3
:10B6D00020746865207465726D696E616C20736397
:10B6E0007265656E0076657273696F6E0073686F60
:10B6F000772052542D5468726561642076657273A8
:10B70000696F6E20696E666F726D6174696F6E002D
:10B710006C6973745F746872656164006C697374DA
:10B7200020746872656164006C6973745F73656D21
:10B73000006C6973742073656D6170686F72652049
:10B74000696E2073797374656D006C6973745F6DD5
:10B7500075746578006C697374206D7574657820F4
:10B76000696E2073797374656D006C6973745F6DB5
:10B7700073677175657565006C697374206D6573A9
:10B780007361676520717565756520696E207379D1
:10B790007374656D006C6973745F6D656D706F6F48
:10B7A0006C006C697374206D656D6F727920706FB9
:10B7B0006F6C20696E2073797374656D006C6973AA
:10B7C000745F74696D6572006C6973742074696D5F
:10B7D000657220696E2073797374656D006C69738E
:10B7E00074006C697374206F626A656374730068B7
:10B7F000656C700052542D546872656164207368E2
:10B80000656C6C2068656C702E007073004C6973F9
:10B8100074207468726561647320696E2074686551
:10B820002073797374656D2E0066726565005368C8
:10B830006F7720746865206D656D6F727920757300
:10B8400061676520696E207468652073797374651B
:10B850006D2E007265626F6F74005265626F6F7457
:10B860002053797374656D0063C1000898C10008A6
:10B87000B6C100086DC10008D5C1000875C1000837
:10B880009EC10008C6C1000883C10008AEC10008FF
:10B8900066C10008BEC100080800686172642066C5
:10B8A00061756C74206F6E2068616E646C65720DDA
:10B8B0000A0D0A0068617264206661756C74206FFD
:10B8C0006E207468726561643A2025730D0A0D0A52
:10B8D0000045535038323636204154207465737415
:10B8E000204641494C4544210A004D51545420738F
:10B8F000756273637269626564210A004D51545424
:10B9000020636F6E66696775726564210A004D5128
:10B91000545420636F6E6E6563746564210A00572A
:10B9200069466920636F6E6E6563746564210A0001
:10B930004D51545420616C726561647920636F6E5F
:10B940006E6563746564210A0057694669206D6FEE
:10B9500064653A2025642028313D5354412C20321F
:10B960003D41502C20333D5354412B4150290A0076
:10B970005B6D7174745D205345545F5245504C5952
:10B980002073656E742028636F64653D2564290A01
:10B99000005365742053746174696F6E206D6F6419
:10B9A00065204641494C45442120286572726F72DA
:10B9B0003D2564290A004D51545420636F6E666919
:10B9C00067204641494C45442120286572726F72B8
:10B9D0003D2564290A005769466920636F6E6E65CC
:10B9E0006374204641494C45442120286572726F9A
:10B9F000723D2564290A005B6D7174745D205345A6
:10BA0000545F5245504C59204641494C202865729C
:10BA1000723D2564290A0020206C6564206F6E2029
:10BA20002020202020202020202020202020202016
:10BA30002020205475726E206F6E204C45442028C3
:10BA4000626C696E6B2F62726561746865206279E1
:10BA5000206D6F6465290A00556E6B6E6F776E20DE
:10BA60006D6F64653A20257320286770696F7C705C
:10BA7000776D290A005769466920616C72656164B7
:10BA80007920636F6E6E6563746564202849503A4F
:10BA9000202573290A00506572696F64206F7574E0
:10BAA000206F662072616E676520283530307E31E8
:10BAB00030303030206D73290A00496E746572761B
:10BAC000616C206F7574206F662072616E676520EF
:10BAD0002835307E35303030206D73290A00202023
:10BAE0006C65642062726561746865205B6D735D6E
:10BAF00020202020202020202020536574206272E6
:10BB0000656174686520706572696F6420283530DE
:10BB1000307E31303030306D73290A0020206C6562
:10BB20006420626C696E6B205B6D735D2020202049
:10BB3000202020202020202053657420626C696E14
:10BB40006B20696E74657276616C202835307E35A5
:10BB50003030306D73290A00436F6E6E656374690F
:10BB60006E67204D5154542E2E2E0A005365747466
:10BB7000696E67205769466920746F205374617439
:10BB8000696F6E206D6F64652E2E2E0A0057694610
:10BB900069206E6F7420636F6E6E65637465642CCC
:10BBA00020636F6E6E656374696E672E2E2E0A00B9
:10BBB0004D51545420616C726561647920636F6EDD
:10BBC000666967757265642C207265636F6E6E6559
:10BBD0006374696E672E2E2E0A004D515454206EE8
:10BBE0006F7420636F6E6E65637465642C20636888
:10BBF00065636B696E6720576946692E2E2E0A00B1
:10BC00000A205C207C202F0A006D656D206D616E1E
:10BC1000616765206661756C743A0A0075736167C7
:10BC200065206661756C743A0A00627573206661FE
:10BC3000756C743A0A0055736167653A206C6564E7
:10BC4000206D6F6465203C6770696F7C70776D3E16
:10BC50000A0055736167653A206C656420627265FD
:10BC600061746865203C3530307E313030303020B2
:10BC70006D733E0A0055736167653A206C656420F8
:10BC8000626C696E6B203C35307E35303030206D13
:10BC9000733E0A0020206C6564206F6666202020B9
:10BCA0002020202020202020202020202020202094
:10BCB0005475726E206F6666204C45440A005343EB
:10BCC000422D3E424641523A253038580A005343ED
:10BCD000422D3E4D4D41523A253038580A00557399
:10BCE0006167653A206C697374205B6F7074696F6B
:10BCF0006E735D0A00706572696F6469630A004F54
:10BD00006E654E6574205345543A20256420757045
:10BD100064617465642C2063623D25642C20726527
:10BD2000706C793D25640A0020206C6564206D6F7D
:10BD300064652070776D2020202020202020202086
:10BD40002020202053776974636820746F20505737
:10BD50004D2062726561746865206D6F64650A00CC
:10BD600020206C6564206D6F6465206770696F20AA
:10BD7000202020202020202020202020537769749C
:10BD8000636820746F204750494F20626C696E6B66
:10BD9000206D6F64650A004D51545420636F6E6EC0
:10BDA000656374204641494C4544212072657365A2
:10BDB0007474696E6720636F6E66696720666C6174
:10BDC000670A006661696C656420766563746F72EA
:10BDD0002066657463680A0020202573206C6F6EEE
:10BDE000672070726573736564202D2073706563BE
:10BDF00069616C20616374696F6E0A004C45442070
:10BE00006D6F64653A206770696F0A00252D2A2ED0
:10BE10007320707269202073746174757320202000
:10BE200020202073702020202020737461636B20F9
:10BE300073697A65206D61782075736564206C651F
:10BE40006674207469636B20206572726F720A00D9
:10BE500043757272656E74206D6F64653A20257348
:10BE60000A005B4B45595D202573206576656E742D
:10BE70003A2025730A0020202020746872656164CE
:10BE8000202D206C69737420746872656164730A74
:10BE9000004C45442062726561746865207065726B
:10BEA000696F643A202564206D730A0043757272CD
:10BEB000656E742062726561746865207065726970
:10BEC0006F643A202564206D730A004C454420625B
:10BED0006C696E6B20696E74657276616C3A2025B0
:10BEE00064206D730A0043757272656E7420626C13
:10BEF000696E6B20696E74657276616C3A20256498
:10BF0000206D730A002020202074696D6572202D39
:10BF1000206C6973742074696D6572730A006465BE
:10BF2000627567206576656E740A006F6E652073B2
:10BF3000686F740A007230303A20307825303878D3
:10BF40000A007230313A203078253038780A007291
:10BF500030323A203078253038780A007230333A5F
:10BF6000203078253038780A007230343A20307822
:10BF7000253038780A007073723A203078253038CE
:10BF8000780A0020696E69742020200020636C6F9D
:10BF90007365202000207265616479202000494E7D
:10BFA0005650432000554E414C49474E45442000D1
:10BFB000494E565354415445200044414343564949
:10BFC0004F4C20004941434356494F4C20004449BF
:10BFD0005642595A45524F20004E4F435020004D73
:10BFE00053544B45525220004D554E53544B4552DD
:10BFF000522000494D50524543495345525220006A
:10C00000494255534552522000554E444546494EEB
:10C0100053545220005343425F434653525F4246BB
:10C0200053523A30782530325820005343425F4310
:10C030004653525F4D4653523A307825303258209D
:10C04000005343425F434653525F554653523A3082
:10C0500078253032582000646561637469766174B4
:10C06000656420006D73682000252D2A2E2A732018
:10C070003078253038782030782530387820002204
:10C08000696422004B455931003679304A4D554696
:10C09000493432004D5132004B455932004B45591D
:10C0A00033004B4559340053544D3332463130330D
:10C0B00043385436002B4D51545453554252454346
:10C0C000563A003E004142430076657273696F6ED6
:10C0D0003D323031382D31302D3331267265733D8C
:10C0E00070726F64756374732532463679304A4DC9
:10C0F0005546493432253246646576696365732551
:10C10000324653544D333246313033433854362659
:10C1100065743D31383035363933383731266D6501
:10C1200074686F643D6D6435267369676E3D4F3684
:10C13000395A4954536A4151755056367074306BB0
:10C140006E456367253344253344004253505F4CAA
:10C1500045440054454D5045524154555245004FB9
:10C160004646004F4B0045494E56414C0045525300
:10C1700046554C4C00454E4F4D454D0046414E00F6
:10C180004F4E0045494F004E4542554C495A455285
:10C190000042555A5A4552004552524F5200454EA0
:10C1A0004F535953004154004C49474854004549A6
:10C1B0004E54525054004554494D4F555400455526
:10C1C0004E4B4E4F570045425553590048554D4927
:10C1D0004449545900455253455054590025630071
:10C1E000757365725F73756363007468726561640B
:10C1F000002073757370656E64006D73677175658B
:10C2000075650074727565006F6666002072756EE4
:10C210006E696E67006D656D706F6F6C006D717427
:10C2200074732E6865636C6F7564732E636F6D0035
:10C23000247379732F3679304A4D55464934322F5D
:10C2400053544D333246313033433854362F6F74A4
:10C25000612F696E666F726D0070776D006F6E0092
:10C260006770696F0069514F4F204E656F382050DD
:10C27000726F00686561700074696D657200257386
:10C2800000247379732F3679304A4D55464934323C
:10C290002F53544D333246313033433854362F7494
:10C2A00068696E672F70726F70657274792F676539
:10C2B0007400247379732F3679304A4D55464934CA
:10C2C000322F53544D333246313033433854362FA6
:10C2D0007468696E672F70726F70657274792F73EE
:10C2E0006574006D7574657800247379732F3679E1
:10C2F000304A4D55464934322F53544D333246312E
:10C300003033433854362F7468696E672F70726FFC
:10C3100070657274792F706F73742F7265706C7999
:10C3200000222573223A7B2276616C7565223A25BC
:10C33000647D00006B92000831910008ED920008C6
:10C3400087920008019300089B9200081D92000844
:10C35000599000082D920008FB900008F191000808
:10C36000BD910008779200083F930008F98F0008FC
:10C37000F18F0008ED8F000899500008F58F000834
:10C3800084B6000888B60008015A0008C5B600083F
:10C39000CBB6000835410008E5B60008EDB6000848
:10C3A0004993000810B700081CB70008356400085E
:10C3B00028B7000831B70008296300084AB7000809
:10C3C00055B70008256200086AB7000878B700086A
:10C3D0001961000895B70008A2B70008BD5F000802
:10C3E000BDB70008C8B7000831660008DDB700080F
:10C3F000E2B70008C5410008EFB70008F4B700082D
:10C40000157A00080AB800080DB80008FD420008B7
:10C4100029B800082EB800084941000853B80008A0
:10C420005AB80008D97F000888C50008000000201D
:10C43000A00000005001000828C60008A00000204D
:10C44000304B000070010008000000000000F07F89
:10C45000FFFFFFFFFFFFEF7F100100004300000020
:10C46000F8FFFFFF00404040404040404040414115
:10C4700041414140404040404040404040404040B9
:10C480004040404040050202020202020202020253
:10C490000202020202202020202020202020200250
:10C4A00002020202020290909090909010101010E0
:10C4B000101010101010101010101010101010107C
:10C4C0000202020202028888888888880808080810
:10C4D00008080808080808080808080808080808DC
:10C4E0000202020240000000000000000000000004
:10C4F000000000000000000000000000000000003C
:10C50000000000000000000000000000000000002B
:10C51000000000000000000000000000000000001B
:10C52000000000000000000000000000000000000B
:10C5300000000000000000000000000000000000FB
:10C5400000000000000000000000000000000000EB
:10C5500000000000000000000000000000000000DB
:10C5600000000000000000001C000000430000006C
:10C57000F8FFFFFF0C0000000E0000000F0000009D
:10C580002E0000000000000001010000F401000086
:10C59000C40900006E6F745F6465746563746564DC
:10C5A0000000000000127A000100000024000020BA
:10C5B0002400002078000000020000003400002069
:10C5C0003400002020000000030000004400002090
:10C5D0004400002024000000060000005400002059
:10C5E000540000203C00000008000000640000200F
:10C5F00064000020340000000A00000074000020E5
:10C60000740000202C0000000C00000084000020BA
:10C6100084000020280000009000002090000020EE
:08C620002000000000000000F2
:04000005080000ED02
:00000001FF
