:020000040800F2
:10000000D04B002061020008173300084D030008A0
:100010001533000899270008C93D000800000000BA
:100020000000000000000000000000007302000853
:100030009B27000800000000CF0200086537000879
:100040007B0200087B0200087B0200087B0200089C
:100050007B0200087B0200087B0200087B0200088C
:100060007B0200087B0200087B0200087B0200087C
:100070007B0200087B0200087B0200087B0200086C
:100080007B0200087B0200087B0200087B0200085C
:100090007B0200087B0200087B0200087B0200084C
:1000A0007B0200087B0200087B0200087B0200083C
:1000B0007B0200087B020008513800087B02000820
:1000C0007B0200087B0200087B0200087B0200081C
:1000D0007B0200086D3A00087B0200087B020008E2
:1000E0007B0200087B0200087B02000800F002F897
:1000F00000F0A6F814A696E8000CB244B344DA4522
:1001000001D100F09DF8BAE80F000FA696E8300084
:10011000A5EB040504EB0607AAEB0704A7F101070A
:100120004FEA15154FEA3414A4F10104AC4201D38F
:1001300000F086F813F0010F18BFFB1A43F001031B
:1001400000F001F8DBE71847D8C20000F8C2000051
:10015000103A24BF78C878C1FAD8520724BF30C8F3
:1001600030C144BF04680C60704700007047000055
:100170000023002400250026103A28BF78C1FBD8B0
:10018000520728BF30C148BF0B6070476E2900F08E
:100190009E84702900F00782662909F0DD876529B1
:1001A00009F0DA87672909F0D787612909F0D6872E
:1001B00003681B0A28BF41F08001692900F078819B
:1001C000642900F07581752900F072816F2900F0B3
:1001D0009B87782900F0D381E92900F03587E4294D
:1001E00000F03287F52900F02F87EF2900F098877B
:1001F000F82900F0D2810368DB0928BF41F08001B3
:10020000632900F0B686732900F0BB86E32901F06C
:10021000BD84F32901F0C284002070471FB500F0AF
:10022000E3FB04000020002109F020FE401C606078
:100230000020002109F030FEE0601FBD10B510BDA8
:1002400001F0BEFD1146FFF7E9FF02F077F802F07A
:100250001FF803B4FFF7F2FF03BC02F023F800001D
:100260000948804709480047FEE7FEE7FEE7FEE74A
:10027000FEE7FEE7FEE7FEE7FEE7FEE70448054986
:10028000054A064B704700004D380008ED00000895
:10029000D0450020D04B0020D0470020D047002080
:1002A000EFF3108072B6704780F310887047344ABD
:1002B0001368012B04D04FF001031360314A106022
:1002C000314A116031484FF0805101607047EFF3BF
:1002D000108272B62A48016891B14FF000010160A6
:1002E0002848016829B1EFF3098121E9F00F00687E
:1002F0000160254909680968B1E8F00F81F30988B0
:1003000082F310884EF0040E70471F4908601D49A3
:100310004FF0000008601A494FF0010008601C48C7
:100320001C49D0F8002041EA0201016017484FF053
:100330008051016018480068006880F3088861B641
:1003400062B6BFF34F8FBFF36F8F70471EF0040F7D
:100350000CBFEFF30880EFF3098020E9F00F40F8BD
:1003600004ED1EF0040F0CBF80F3088880F30988A9
:1003700000B507F07FFE5DF804EB4EF0040E704709
:100380001C440020144100201841002004ED00E02E
:1003900020ED00E00000FFFF08ED00E010B500F0E8
:1003A00023FB001D10BD00BFC59A00001CB50C4604
:1003B000064B7B4469460090204600F0B0FD0446A1
:1003C0000020694600F0BEFD20461CBD8F0B0000DA
:1003D0000FB41CB50C0007AA009007D04142A142FF
:1003E00002D32044401E01E04FF0FF30074B7B4416
:1003F00069460190069800F092FD0021002C01D082
:10040000009A11701CBC5DF814FB00005D0B00002D
:1004100070B5044685690068C10601D5302600E044
:100420002026C00707D070BDD4E90121304690478F
:10043000206A401C20626D1EF6D570BD70B5044662
:1004400085690078C00707D170BDD4E9012120205B
:100450009047206A401C20626D1EF6D570BD70B5B5
:100460000C460546012A05D02878800600D5EA69A1
:10047000002302E0012305E05B1C934202D2E05C12
:100480000028F9D1A869E618C01AA861286A18449A
:1004900028622846FFF7BCFF04E0D5E9012114F8E3
:1004A000010B9047B442F8D32846FFF7C7FF70BD51
:1004B0002DE9F0410646002410687529314616A53D
:1004C00010D000F099FA002802DA404213A507E0A4
:1004D00031688A0701D512A502E0490704D511A5A4
:1004E000012401E000F091FA00210A2206F124071C
:1004F00009E0B0FBF2FCB0FBF2F302FB1C00303071
:1005000078541846491C0028F3D123462A46304621
:10051000BDE8F04100F082BA000000002D000000AC
:100520002B00000020000000F0B40D4601880905F2
:1005300002D5214C7C4402E01F4C7C440E34002147
:1005400000F1240608E002F00F071209E75D42EA15
:1005500003721B097754491C52EA0307F3D102784E
:100560000023120704D5702D06D009B102231134DF
:100570002246F0BC00F052BA01231034F8E770B5FF
:1005800004460D462146106800F03FFA024629460F
:100590002046BDE870400023C6E7D21D22F00703C5
:1005A000D3E90023C0E70368126843F02003036027
:1005B0000823C3610023B7E7249D00002DE9F05F05
:1005C000894604464FF0000ADFF874B1FB44C0F8D6
:1005D00020A02046E1688847002874D0252806D04E
:1005E000D4E901219047206A401C2062F1E70026EF
:1005F0005F462046E16888472028054607DB312D05
:1006000005D2781910F8200C08B10643F1E7B007BD
:1006100001D526F00406C4F81CA00027C4F818A0D1
:100620002A2D09D0284609F0B4FB38B304EB87081B
:10063000303DC8F8185019E059F8041B204604EB67
:1006400087029161E1688847012F054618D1E0696A
:10065000002820DA26F020061DE0D8F8180000EB6C
:10066000800005EB40003038C8F818002046E168EB
:100670008847054609F08DFB0028EED1012F0AD0EE
:100680002E2D08D12046E16888477F1C0546022FA1
:1006900046F02006C4DBA069002803DA404246F099
:1006A0000106A061F00701D026F010066C2D0BD0DA
:1006B000682D09D04C2D39D06A2D35D0742D35D008
:1006C0007A2D33D016E038E0E1682F46204688477F
:1006D000B842054609D16C2F26D04FF48060E168FE
:1006E000064320468847054604E06C2F1AD04FF495
:1006F000807006430DB3A5F14100192802D82035BA
:1007000046F400664A462946204626604E46FFF7D4
:100710003DFD80B101280BD0F61D26F0070000F149
:10072000080956E74020E4E78020D8E70020D6E714
:1007300006F104094DE7284652E7206ABDE8F09F1C
:10074000B49C000070B5064600F052F904680546F6
:1007500030460A22002100F069FF2C6070BD401E67
:10076000CAB210F8011F8A4202D00029F9D1002034
:10077000704730B505460B462A4613F8014B12F870
:10078000010B08B1A042F8D01CB1002802D06D1CAA
:10079000F1E7284630BD40EA010310B59B070FD1B1
:1007A000042A0DD310C808C9121F9C42F8D020BAE1
:1007B00019BA884201D9012010BD4FF0FF3010BD99
:1007C0001AB1D30703D0521C07E0002010BD10F867
:1007D000013B11F8014B1B1B07D110F8013B11F82D
:1007E000014B1B1B01D1921EF1D1184610BD40EAEE
:1007F0000103024630B59B0710D14FF0013400E0F1
:1008000008C208C91D1B9D4315EAC41FF8D013F088
:10081000FF0102F8011B0DD01B0AF8E711F8013B9C
:10082000002B02F8013B05D011F8013B002B02F828
:10083000013BF3D130BD10B5431C02E010F8011BA1
:1008400071B18107FAD14FF0013202C88C1A8C4382
:1008500014EAC211F9D0C01A0A0603D0C01E10BD96
:10086000C01A10BD0A0401D0801E10BD0902FCD0C0
:10087000401E10BD40EA010370B59B072ED14FF01A
:100880000136042A2AD308C810C99D1B9D43121F94
:1008900015EAC61517D0D8B2E1B2401A50EA056180
:1008A00010D198B2A1B2401A50EA05410AD123F002
:1008B0007F4024F07F41401A50EA052102D1180EF2
:1008C000A0EB146070BDA342DBD018BA21BA8842F5
:1008D00001D9012070BD4FF0FF3070BD0AB9002072
:1008E00070BD10F8013B11F8014B63B1A3420AD16E
:1008F000521E08D010F8013B11F8014B1BB1A34266
:1009000001D1521EEDD1181B70BD10B5044610F078
:10091000030F08BF11F0030F40F015804FF0013EA8
:10092000121FC0F20E8051F8043BA3EB0E0C2CEA10
:10093000030C1CEACE1C08BF40F8043BF0D0A1F128
:10094000040102F10402521E08DB11F8013B00F819
:10095000013B002BF7D1114600F0D2FE204610BD1E
:100960004FF0013C50F8042B51F8043B9A4221D13E
:10097000A2EB0C03934313EACC1317D150F8042BCA
:1009800051F8043B9A4215D1A2EB0C03934313EAAE
:10099000CC130BD150F8042B51F8043B9A4209D1E7
:1009A000A2EB0C03934313EACC13DBD04FF000000F
:1009B000704700BFD01A01BAB1FA81F101F01801F5
:1009C00022FA01F0CB40DBB2C0B2C01AC1F1200163
:1009D0002CFA01F3D11A914311EAC311E6D1704701
:1009E000704770477047000000487047C000002003
:1009F00000487047A000002009684A0501D540B2B0
:100A00007047C905FCD500B2704709684A0501D591
:100A1000C0B27047C905FCD580B270472DE9F047D8
:100A20000D4699469246044600F12408016888065E
:100A300004D5E06921F01001216000E00120A84206
:100A400001DD471B00E00027A1697A1902EB0900CC
:100A5000081AA0612078C00602D42046FFF7D8FC0F
:100A6000002608E0D4E901211AF806009047206A20
:100A7000401C761C20624E45F4DB2078C0060AD567
:100A80002046FFF7C5FC06E0D4E90121302090475D
:100A9000206A401C2062381EA7F10107F4DC07E041
:100AA000D4E9012118F805009047206A401C206213
:100AB000281EA5F10105F3DC2046FFF7BFFC2078D6
:100AC000000602D50220BDE8F0870120FBE711688F
:100AD0000268006A530501D508700AE0D30501D504
:100AE000088006E0130603D5C217C1E9000200E042
:100AF0000860012070472DE9FF4F0C461E464FF05D
:100B0000FF378BB0D2E90001DDF860800A908A4699
:100B1000C1F30A5505B93D46002108464FF00000D3
:100B2000BAF1000F00F4400005DA00EB80004FF44A
:100B3000400101EA50004FEA9059B9F1010F00DD80
:100B4000B9460A9850EA4A000ED044F61050A5F271
:100B5000FF3545432F14B8F1000F1ED07542291EF2
:100B60001EDDC9F100021CE0B8F1010F4FF00000DA
:100B700001D0302103E0F24305E02154401CB04293
:100B8000FBDB30460022002121540B99C1F808807C
:100B9000C1E900200FB0BDE8F08FBD1B6D1CDEE782
:100BA0004A4600DA694206A801F04CF806AB93E821
:100BB000070003AB83E8070050460A9908F01FFCC2
:100BC0008DE80700A0F500501F3800900398002D15
:100BD0000ADD42F21F014A460844002303A903909C
:100BE000684608F0CBFE09E0A0F500504A461F38E1
:100BF000002303A90390684608F0EAFE8DE8070089
:100C00000004000C03D04FF0FF30410800E0104614
:100C1000B8F1000F03D00022009215461EE0751EA9
:100C200005D400F0A6FD303262556D1EF9D5B346ED
:100C30000122084302D000227F1C04E020783028E3
:100C400001D100227F1E002A099784D01DE0112DBA
:100C500007DA00F08EFD303262556D1C50EA010259
:100C6000F5D1084302D00098C8B10EE00021681EFB
:100C700005E0235C625C63542254401E491C81429F
:100C8000F7DBAB46A81B401E0990002004F80B00C0
:100C90000B98099AC0F80880C0E9002B7AE7112662
:100CA0004FF0000857E72DE9F04F88460446D21D63
:100CB00022F0070191B0D1E90001CDE90A0108F065
:100CC000D3FF02460B98C00F01D02D2007E020680B
:100CD000810701D52B2002E0202101EAC000032A70
:100CE000099001D0072A05DB03464146204600F063
:100CF00003FF0BE12078800601D5E06900E00620C3
:100D0000B8F1650F814606D0B8F1660F18D0B8F17A
:100D1000670F70D131E00020B9F1110F009001DBB5
:100D2000112301E009F101030AAA01A90CA8FFF7A8
:100D3000E2FEDDE90C70002609F10105834647E07B
:100D400001204B4600904FF000470AAA01A90CA8C9
:100D5000FFF7D1FEDDE90DB00C995D46002610B914
:100D600009F101000D18B9EB050003D4C0F1FF36FD
:100D700009F10105A5EB09002BE0B9F1010F01DA3A
:100D80004FF001090020B9F1110F0090484601DD34
:100D9000112300E003460AAA01A90CA8FFF7ABFE45
:100DA000DDE90C704D4600268346207800070AD402
:100DB000AB4500DA5D4601A8012D04DD411911F8AB
:100DC000011C302907D04F4502DA17F1040F04DA6D
:100DD000012082460FE06D1EEEE7002F02DCED1BC6
:100DE0003E4403E0781CA84200DD7D1CB81B00F1E6
:100DF000010A4FF000472078000703D4AA4501DB21
:100E00004FF0FF3A0021B7F1004F0DF143088DF884
:100E1000431024D002202B23002F01DA7F422D2300
:100E20000A21021EA0F1010000DC5FB197FBF1FC7A
:100E300097FBF1F201FB1C7C17460CF1300C08F813
:100E400001CDEEE7A8F1010003702188090501D565
:100E5000452100E06521A0F1010800F8011C099876
:100E60000FA9A1EB0807FF1D00B10120411901EBFB
:100E7000EA70A1693844081A401EA0612078C006B3
:100E800002D42046FFF7C4FA099828B1D4E9012119
:100E90009047206A401C20622078C00622D5204658
:100EA000FFF7B6FA1EE0002E04DBB34502DD01A811
:100EB000805D00E03020D4E901219047206A401C89
:100EC0002062761CAAF101005FEA000A0AD1FFF74E
:100ED0008BFDC0680168405CD4E901219047206A1D
:100EE000401C2062281EA5F10105DCDC07E0D4E9E6
:100EF000012118F8010B9047206A401C2062381E1F
:100F0000A7F10107F3DC2046FFF798FA032011B0A0
:100F100041E6000001694A1C02610878704700B58B
:100F20008FB0CDE901310021059105497944CDE922
:100F3000031011466846FFF741FB0FB000BD0000EB
:100F4000E5FFFFFF0A6802F8010B0A607047D1E96C
:100F500000239A4202D2531C0B601070704710B5E8
:100F6000436913B1AFF3008001E0FFF778FA012085
:100F700010BD127800F124010A7000224A7001228B
:100F8000EDE711684FF0FF32E9E700002DE9FF5F60
:100F900015468A460446DFF8AC80F8440027D8E9B5
:100FA00000103E46CDE9001010E03AF816106A46EF
:100FB00002A800F0B9FE411C07D02178890603D5AC
:100FC000E269391891420DD80744761C20788006D2
:100FD00002D5E069B84205DDAE42E6DB3AF816001C
:100FE0000028E2D1A069C01BA0612046FFF710FADB
:100FF000D8E90010CDE90010002017E03AF81810E9
:101000006A4602A800F090FEB0F1FF3F81460BD087
:1010100000250DF1080B05E0D4E901211BF80500BE
:1010200090476D1C4D45F7D308F10100B042804652
:10103000E4DB206A384420622046FFF7FFF9BDE870
:10104000FF9F0000FA9200002DE9F0418046D21D7A
:1010500022F007020025D2E90002F52915A614D0D6
:10106000011E72F1000106DA0023D0EB030063EBEE
:10107000020211A608E0D8F800108B0701D50FA6D0
:1010800002E0490701D50EA601251146002408F10A
:10109000240704E000F06DFB30323A55641C50EA3E
:1010A0000102F7D12B46324621464046BDE8F041C9
:1010B000FFF7B4BC000000002D0000002B00000072
:1010C0002000000030B4002100F1240408E002F008
:1010D0000705D208303542EA4372DB086554491CE3
:1010E00052EA0305F3D10468002310A2250708D5AE
:1010F00004F020040C4304D0C46901230CA2641E34
:10110000C46130BCFFF78ABC10B5044621461068A4
:10111000FFF77BFC02462046BDE810400023D1E7E4
:10112000D21D22F00701D1E90023CBE70000000027
:10113000300000002DE9FF4F06468BB00878FF28ED
:1011400006D0491C2D2805D000244FF0000908E0E6
:1011500000200CE00124F8E709EB8903491C00EBAF
:1011600043090878FF28F7D114B1C9F1000081467E
:10117000107800252C46AA4629462D2801D02B2878
:1011800004D1521C2D2813D0002082468B461078A3
:10119000FF280FD04FF0000C0A21521CA5FB01784C
:1011A00004FB018105FB0C11C5194BEB0104EEE7B3
:1011B0000120EAE7002108464FF00000BAF1000FD5
:1011C00002D000EB80004008C0F38157012F01DD01
:1011D0004FF0FF370E9955EA040009EB01080BD0D8
:1011E0004FF0020918F5FA7F16DA4FEACA70002F9D
:1011F000706008DD012007E04FEACA70C6E900B060
:101200000FB0BDE8F08F00203060FFF7F1FBC0F8B1
:1012100000901821084616E0B8F5FA7F18DD002F77
:1012200002DAF748784401E0F6487844D0E9001043
:10123000C6E9001040EACA707060FFF7D9FBC0F839
:101240000090142108460FB0BDE8F04F08F081BFB0
:10125000002108464FF00000B8F10001099002DAC1
:10126000C7F1000200E03A4601DAC8F1000106A821
:1012700000F0E8FC06AB93E8070003AB83E8070047
:1012800044F23E005BEA04010090584604D144F267
:101290001E012C465D460091210C0904014306D134
:1012A0000099240444EA15442D041039009104F0F7
:1012B0007F41014306D10099240244EA15642D02BE
:1012C0000839009104F07041014306D100992401CE
:1012D00044EA15742D01091F009104F040410143B7
:1012E00006D10099A40044EA9574AD00891E0091CE
:1012F00004F00041084304D100986D196441401E78
:1013000000904FF001033A466846B8F1000FCDE96E
:10131000014503A902DD08F070FB01E008F043FB82
:10132000BAF1000F04460D4601D084F000440021BC
:1013300008464FF00000099940F2FF77484010F04E
:101340000C0F07D124F00040284303D0C4F30A5007
:10135000B84212D1FFF74CFBC0F80090C4F30A501A
:10136000B8420AD1A8487844D0E90010C6E9001074
:1013700004F000410843706042E7C6E900543FE7CB
:101380002DE9FF4F1F464FF0000A4FF0FF3845464A
:1013900091B0D7E90146CDF83CA0FFF725FBC06826
:1013A0000168405C1090B96912986D1C8847396AD1
:1013B000814688470028F6D1B9F1FF3F0AD0002EB8
:1013C00024F4D06411DDB9F12B0F08D0B9F12D0F41
:1013D0000BD102E0404615B013E744F48064B969CC
:1013E00012986D1C8847761E8146600504A901D5B8
:1013F0002D2000E02B20002E01F1010B0DF1300813
:101400008DF810003FDDB9F1690F08D0B9F1490F2F
:1014100005D0B9F16E0F02D0B9F14E0F1CD13B4689
:1014200001A8009580E85002DDE912126FF0020079
:1014300008F0FAFEC11CCED10EE0B96912986D1CFD
:10144000884781461398761E44F4007405600F980F
:10145000401C002E0F9016DDB9F1300FEDD0B9F120
:10146000780F02D0B9F1580F0DD10F9801280AD189
:101470003B46CDE90054DDE91212001F029608F048
:10148000D1FEC11CA7D1109989453ED144F08004FA
:1014900006E01399681CAAF1010A44F4007408607C
:1014A000B9696D1C1298761E884730288146F0D0A5
:1014B0002BE01099894505D1200603D4761E44F00F
:1014C000800418E0484608F064FC08B3761E0DF16D
:1014D00023029345A9F1300044F4007406D20BF8BE
:1014E000010B200607D5AAF1010003E0200602D473
:1014F0000AF101008246A00502D51399681C086014
:10150000B96912986D1C88478146002ED1DC53E0E2
:10151000002E51DDB9F1650F02D0B9F1450F4BD165
:10152000A00549D5B9696D1C1298761E24F4407443
:101530008847002E81460CDD2B2804D0B9F12D0FF1
:1015400007D144F48074B96912986D1C8847761EDF
:101550008146E00501D52D2100E02B2108F8011B73
:10156000CDF8008021E0761E0DF13901884544F464
:1015700000740CD2A9F1300010F0FF0088F80000D0
:1015800002D10099884509D908F1010806E0E00573
:1015900001D51E4801E042F20F708246B9691298E7
:1015A0006D1C8847814613980560002E04DD48466F
:1015B00008F0EFFB0028D6D1F96912988847FF2080
:1015C00053468BF8000088F8000000200A900B902A
:1015D00004AA0CA90AA8FFF7ADFDA00502D46FF07C
:1015E0000100F8E614F0240F12D0E0071CD138688F
:1015F000DDE90A12031D3B600068C0E9001213E038
:1016000020B2000012B20000D6B00000F1D8FFFFF7
:101610000AA9684608F04CFBE00705D13868009A33
:10162000011D3960006802602846D4E62DE9F047C4
:1016300091460F4680460446002614F8015B2DB102
:10164000FEF7ACFE0068405DC007F6D12B2D02D03E
:101650002D2D18D0641E4A463946204600F0A2FAC5
:1016600027B13968A14201D1C7F800804FF00204C8
:1016700071050BD54042002803DDFFF7B9F904607E
:10168000A007BDE8F08746F48066E4E70028F8DAB2
:10169000FFF7AEF904606FF00040F2E710B5203AB2
:1016A000C0F00B80B1E81850A0E81850B1E818500D
:1016B000A0E81850203ABFF4F5AF5FEA027C24BFDF
:1016C000B1E81850A0E8185044BF18C918C0BDE8C8
:1016D00010405FEA827C24BF51F8043B40F8043B91
:1016E00008BF7047D20728BF31F8023B48BF11F846
:1016F000012B28BF20F8023B48BF00F8012B7047A0
:101700004FF000020429C0F0128010F0030C00F02A
:101710003183CCF1040CBCF1020F18BF00F8012B8F
:10172000A8BF20F8022BA1EB0C0100F023BB5FEA5D
:10173000C17C24BF00F8012B00F8012B48BF00F842
:10174000012B704700487047A0000020B2F1200331
:101750000AD5C2F1200301FA02F120FA03F341EAAB
:10176000030100FA02F0704700FA03F14FF00000A5
:10177000704730B5B0F10A0271F100034FEA900EE4
:101780004EEA817EB0EB0E0061EB91014FEA101E34
:101790004EEA017E10EB0E0041EB11114FEA102EC4
:1017A0004EEA016E10EB0E0041EB11214FEA104E94
:1017B0004EEA014E10EB0E0041EB1141401841F191
:1017C00000014FEAD00040EA41704FEAD1014FEAF0
:1017D000810444EA907410EB800544EB01046D1918
:1017E00044EB0404521BA3414FF0000348BF0A32EC
:1017F00000D530BD401C41F1000130BD2DE9F04F56
:1018000004460D46D21D22F0070089B0D0E90097AA
:101810004846394608F028FA0246F80F01D02D2331
:1018200007E02068810701D52B2302E0202101EA8F
:10183000C0038DF820300BB1012000E00020032A06
:10184000824601D0072A04DB2946204600F054F9DD
:101850003FE12078800601D40D2500E0E569C7F35B
:101860000A560D2D49DA00214FEA175B08464FF062
:101870000000002F00F4400007DA00EB80004FF476
:10188000400100EBD07001EA60008115012901DD03
:101890004FF0FF3100224FEA850CBCF1180F06D340
:1018A0001346ACF118004FF08052C24003E04FF4F1
:1018B000801323FA0CF30CF10C0CBCF1200F04D3B1
:1018C000ACF1200C09FA0CF001E007FA0CF0002949
:1018D0004FF0004801DD18B90FE00ED140450CD3A0
:1018E00019EB02095F4121B9404502D19F4329EA22
:1018F0000209BBEB175F00D0761C2088000502D5DB
:101900007B48784402E07A487844193808AA3023A2
:1019100002F80A30037C0AF10101002E0AF1020AE2
:1019200053546A4602DC4FF0300101E04FF03101C0
:101930004FF001088DF8001002D0A6F2FF3603E048
:1019400059EA470100D06B4E002D02DC21780907CF
:1019500004D54FF002082E218DF80110C446002155
:101960000BE0C7F303433F01C35C491C6D1E02F843
:101970000830052908F1010801DA002DF1DC002109
:101980000CE000EB1973491C1B786D1E082902F846
:1019900008304FEA091908F1010801DA002DF0DCDE
:1019A00021688B0602D516E0A8F10108E04505DDA7
:1019B00002EB080313F8013C302BF5D0B8F1000F0F
:1019C00009DD02EB080313F8013C2E2B03D10907B4
:1019D00001D4A8F10108002D05DD3E2102F8081010
:1019E0006D1E08F10108407C002E02F8080008F185
:1019F000010804DA2D20764202F8080002E02B20CC
:101A000002F808000A214FF47A70864208F10108B2
:101A10000BDB96FBF0F3303302F8083096FBF0F363
:101A200008F1010800FB136601E0642E0CDB642062
:101A300096FBF0F3303302F8083096FBF0F308F130
:101A4000010800FB136601E00A2E06DB96FBF1F0AD
:101A5000303002F8080008F1010896FBF1F001FBB4
:101A60001060303002F80800A16908F1010808EBA5
:101A7000050202EB0A00081AA0612078C00602D411
:101A80002046FEF7C5FC216A08AE01EB0A00206281
:101A900004E0D4E9012116F8010B9047BAF1010ADC
:101AA000F7D22078C00602D52046FEF7B1FC6E467C
:101AB00009E016F8010B3E280FD0D4E90121904728
:101AC000206A401C2062B8F10108F2D22046FEF7DD
:101AD000B5FC09B00320BDE8F08F206A28442062DD
:101AE00003E0D4E90121302090476D1EEBD3F8E7E5
:101AF000AD89000002FCFFFF2DE9F0411F460446BE
:101B000003260168072A01F4006004DB08B116A56A
:101B100005E016A503E008B115A500E015A521F024
:101B200010002060A069C01EA0610FB1401EA0611E
:101B30002046FEF76DFC4FB1D4E9012138469047AD
:101B4000206A401C2062C01C206206E0206AFAE77E
:101B5000D4E9012115F8010B9047761EF8D22046F2
:101B6000FEF76CFCBDE8F0814E414E006E616E00E8
:101B7000494E4600696E660010B5436913B1AFF374
:101B8000008001E0FFF702FA012010BD128800F189
:101B9000240182840022C2840122EDE711684FF003
:101BA000FF32E9E72DE9F05F824615468B460027B4
:101BB0000AF10104B9460078302801D09DB113E044
:101BC00014F8010B0127782803D0582801D045B11B
:101BD0000AE00DB1102D07D1002714F8010B1025D4
:101BE00002E0082500E00A250026B0460EE005FBCD
:101BF000080005FB06F101271FFA80F801EB1046EB
:101C0000B6F5803F00D3B94614F8010B294600F021
:101C100007F90028EBDABBF1000F05D00FB1641E05
:101C200000E05446CBF80040B9F1000F06D0FEF7B3
:101C3000DFFE02210160C81EBDE8F09F48EA0640B1
:101C4000FAE700002DE9F047814616468AB035488C
:101C500078440DC88DE80D0032487844801C03ACF0
:101C60000DC884E80D0041F69B300844372190FBF5
:101C7000F1F290FBF1F5A5F1800501FB12041B3C8C
:101C800002D56442012000E00020DFF898A08046E1
:101C90000027FA44AAF1BE0A0EE0E0070AD0324655
:101CA000684607EB470101230AEB810107F090FE2C
:101CB0008DE8070064107F1C002CEED1194F7F4483
:101CC000AE3F19E0E80715D007EB04100DF1180A34
:101CD00090E80E008AE80E00C068F04201D1981921
:101CE00008903246012306A903A807F071FE03AB52
:101CF00083E807006D10641C002DE3D14FF0010351
:101D000032466946B8F1000F03A802D007F036FE4C
:101D100001E007F05DFEC9E90001C9F808200AB03A
:101D2000BDE8F087F08600002DE9F04116460C462C
:101D30000546FEF733FB036893F80101012807D03D
:101D4000FF2C12D8185D80B101202C70BDE8F08105
:101D5000D3F807013246214603F20713C718284675
:101D6000BC46BDE8F041002360474FF0FF30EDE78F
:101D70004FF0000200B5134694469646203922BF24
:101D8000A0E80C50A0E80C50B1F12001BFF4F7AF6F
:101D9000090728BFA0E80C5048BF0CC05DF804EB51
:101DA000890028BF40F8042B08BF704748BF20F8BF
:101DB000022B11F0804F18BF00F8012B70477047BD
:101DC0007546FFF7BFFCAE4605006946534620F056
:101DD0000700854618B020B5FEF750FABDE8204050
:101DE0004FF000064FF000074FF000084FF0000BD7
:101DF000AC46ACE8C009ACE8C009ACE8C009ACE846
:101E0000C00921F007018D46704710B5FEF7F0FDBF
:101E1000006810BD10B50446FEF7EAFD046010BD71
:101E20003A2800D2303820F02002412A01D3A2F112
:101E30003700884201D34FF0FF3070472DE9FF4F44
:101E40001F464FF03C0987B04FF00042DDE9141007
:101E500001F10108DDF858A002EA4050039000208B
:101E600005908346054604460490B969461E0898C5
:101E70008847AAF1010A0290BAF1000F3BDD0298EF
:101E80002E2815D01021FFF7CBFF00282EDB4FF0B6
:101E9000010B0599014317D0B9F1000F0BDB4A463E
:101EA000C117FFF753FC05430C43A9F1040905E0F2
:101EB000012004900BE008B145F0010501200590D8
:101EC000049820B9361D02E0049800B1361FB969A4
:101ED000089808F101088847BBF1000FAAF1010A30
:101EE0000290C9D00999C1F80080C5E7029870280E
:101EF00008D0502806D0F96908988847BBF1000F30
:101F000014D04FE0002002900120BBF1000F04909C
:101F100009D0B969089808F101088847AAF10109B0
:101F2000B9F1000F07DCF969089888476FF00100E4
:101F30000BB0BDE8F08F2B2804D02D280CD14FF02A
:101F4000FF300490B969089808F101088847A9F1A1
:101F50000109B9F1000FE6DD411CE4D00A21FFF7C9
:101F60005FFF0028DFDB029908F1010801EB810126
:101F700000EB41000290B969089888470A21FFF7F1
:101F80004FFF099AA9F10109B9F1000FC2F80080C9
:101F900001DD0028E7DAF969089888470499029872
:101FA00000FB016655EA040004D004F0404109003A
:101FB00002D006E0039898E0A40044EA9574AD00CE
:101FC000B61E04F00041080002D16D196441761E6E
:101FD000159810F0240F03D04FF00B095C4803E074
:101FE0004FF028096FF07D008246564507DAAAEBCC
:101FF00006018944B9F1410F01DD4FF0410901208B
:102000000021A9F10102FFF7A1FB024628400B467F
:102010002140084301D0012100E00021501E02911F
:1020200043F1FF3128402140084301D0012000E066
:1020300000200299834651EA0B014FD00021084647
:102040004FF00000039900F4400039B100EB80002C
:102050004FF4400100EBD07001EA600080150128C8
:1020600002DD4FF0FF3000E013D0401C36D0029864
:1020700060B3BBF1000F0CD14A4601200021FFF7ED
:1020800065FB28402140084301D0012000E00020EA
:10209000E0B101204A460021FFF758FB03464019F2
:1020A0000A4661412D1A8C4111D3B9F1400F09DD67
:1020B000159810F0240F02D0AAF1340603E0AAF11B
:1020C000170600E0761C00254FF0004406E05B1E7A
:1020D00042F1FF3220EA030521EA0204CAF10100BD
:1020E000B04206DA1B490398084301900020009093
:1020F0000EE0039AC4F3D321E80A0A43164940EAE2
:1021000044500A433146CDE90002684607F036FEE6
:10211000159810F0240F0BD01598C00715D138680A
:10212000DDE90012031D3B600068C0E900120CE00D
:1021300002A8694607F0BCFD1598C00705D13868AC
:10214000029A011D3960006802604046F0E6000016
:1021500002FCFFFF0000F07F0000F03F2DE9FF4F81
:1021600092461D4685B04FF00041DDE9124BDDE996
:1021700014727F1E01EA4B50414940F0FF4940EA8A
:102180000108002122F020004928049102D04E28A5
:1021900028D04CE03BA0012607C88DE80700A969BC
:1021A0000698641C88477F1E014606D41DF8060069
:1021B00018B121F0200181420BD0E96906988847C7
:1021C000032E34D0082E32D06FF0010009B0BDE8E4
:1021D000F08F761C032E01D0082EE0D1601CCAF8C7
:1021E0000000DCE7A9690698641C88477F1E2AD492
:1021F00020F02000412826D1A9690698641C884750
:102200007F1E20D420F020004E281CD1A9690698FA
:10221000641C88477F1E48F4002849F48009CAF8E6
:10222000004001D4282806D0E969069888475FEA6B
:10223000CB7012D022E0A9690698641C88477F1EE3
:1022400001D4002803DAE96906988847BCE7292801
:10225000F1D1641CCAF80040E9E71BF0240F07D055
:1022600028680499031D2B600068C0E9001805E088
:102270002868021D2A600068C0F800902046A5E783
:102280000000F07F494E46494E4954590000000075
:1022900010B50446AFF300802046BDE81040FDF7BE
:1022A000D8BF000001491820ABBEFEE7260002009F
:1022B000032A40F2308010F0030C00F0158011F872
:1022C000013BBCF1020F624498BF11F801CB00F84A
:1022D000013B38BF11F8013BA2F1040298BF00F89E
:1022E00001CB38BF00F8013B11F003033FF4D6A93E
:1022F000083AC0F0088051F8043B083A51F804CB82
:10230000A0E80810F5E7121D5CBF51F8043B40F847
:10231000043BAFF30080D20724BF11F8013B11F852
:1023200001CB48BF11F8012B24BF00F8013B00F896
:1023300001CB48BF00F8012B704700002DE9F043A6
:1023400085B0FDF7ADFF00F043FDD44C206800F0F0
:102350000C0004283DD154F8040C01F098F94FD139
:10236000206800F47410B0F5E81F6CD1CE48016805
:1023700011F0060F0AD10168022262F30201016026
:10238000016801F00701022940F08980216841F4C9
:10239000E0612160216841F460512160216821F0F1
:1023A000F001216054F8041C890178D521680222CB
:1023B000BB4E62F3010141F288322160716C2368E7
:1023C00003F00C03082B42D0736C5B1A9342F6D9CE
:1023D00065E001F05CF902D12068C003BBD454F879
:1023E000040C40F4803044F8040CAD48416C54F8BF
:1023F000042C9203B1D4426C521A642AF7D922E019
:10240000A84900200860A648426C54F8043C9B018F
:1024100004D5436C9B1A022BF7D914E0226822F4EE
:1024200000322260226822F4741202F5E81222605F
:1024300001220A60416C54F8042C920196D4426C3B
:10244000521A022AF7D9EFF3108072B6FEE701683C
:1024500001F00701032909D30168022262F3020196
:102460000160006800F00700022818D120680421EC
:102470008E4D61F30A202060206820F460502060B7
:10248000216801F00C000828284614D1C1F38340CC
:1024900087A2C903105C06D48A4948430BE0EFF3D6
:1024A000108072B6FEE7216885A26843C1F34041FF
:1024B000515CB0FBF1F02168DFF80C82DFF80C9280
:1024C000C1F3031118F80110C840317AC9F80000AF
:1024D0001020002918BF0F2000F0ACFC206802215A
:1024E00061F38F30206001F0D2F80ED120682168AE
:1024F000C0F383400230C90304D52168890301D4A5
:10250000454302E06F4900FB01F57148714B00271C
:102510000C214FF4E132C9F80050C0E90032C0E9A3
:102520000277C0E90471C0E906772168C1F303119D
:1025300018F8011025FA01F1C9F8001000F032FD79
:10254000002840F0A880D9F800004FF47A71B0FB61
:10255000F1F00138B7EB106F08D15F49F022486005
:102560005E48027000208860072008605C4C5D4D6A
:10257000AC4202D201CC8047FAE75B48C11C21F093
:10258000030400F5105121F00301091B0A1822F081
:102590000305192D05D304F13800A5F11801814276
:1025A00005D2514954A005F0FBFE002424E004F1BB
:1025B0003B00002138224FF0000820F0030720469E
:1025C00005F0B0FF494A0C2106F0C4F8E81B48A208
:1025D000C7F80880A7622763A0F10C011838C4E986
:1025E00005276063E06144F00100C7E9004145E967
:1025F000021145F80C0DE5624E483C49B465443083
:1026000005F0B2FF06F0C4F906F16C004A49C6E9CC
:102610001B000020F081B0F5807F04D00A180A501A
:1026200052600830F7E7002046494FF4C0620A23A1
:10263000F0651420009041A006F059FA06F0E4FA83
:1026400002AC0022204606F001FA3F4D012122464D
:10265000284606F07FF820201F213D4A4FF4807362
:10266000CDE900103949284601F046FC284606F01D
:10267000CBFA04A801F0E6FB0446306606F030F918
:10268000032084F8340004F11C00FDF73EFE002016
:1026900005B0BDE8F08300F081F800BF04100240EF
:1026A00000010020600042420020024000127A0037
:1026B00002030405060708090A0B0C0D0E0F101083
:1026C0000102000000093D00E0B500081C000020E8
:1026D000D41600200048004010E000E023ED00E0A8
:1026E00068C300086CC30008141D00206BC20008FA
:1026F000736D616C6C0000006D656D20696E6974AE
:102700002C206572726F7220626567696E20616449
:10271000647265737320307825782C20616E642094
:10272000656E642061646472657373203078257807
:102730000A000000740100201C4200206D61696ED7
:1027400000000000296E00081C1700202D8B0008D7
:102750001C43002010B501688A68D20701D100200F
:1027600010BD8A6822F001028A60D84A536C8C68D6
:10277000E407F4D0546CE41A032CF8D38C68E40713
:10278000F5D0816A41F010018162C16A41F0010116
:10279000C162012010BD00BFFEE77047EFF310805B
:1027A00072B6FEE778B500210091D64991F84C2029
:1027B000012A04BF022078BD4468012281F84C2020
:1027C000062C0ED804EB840302681F25053B02FA91
:1027D00003F49D408B6A5E6B26EA05052C435C631F
:1027E00017E08B6A04EB84020C2C09D8A2F12304B5
:1027F00000F041FF1E6B26EA04042C431C6308E032
:10280000A2F1410400F037FFDE6A26EA04042C43FB
:10281000DC6202EB4204092A19D980681E3C0725B4
:10282000A04005FA04F4DD6825EA04042043D860DA
:1028300022F00100102813D11848A0F10804A34287
:1028400013D0086D40F020000865012009E0072240
:102850001D698068A24025EA0202A0401043186169
:102860000020002281F84C2078BD03681B02F7D4B9
:102870000368102A43F400030360F1D19148924A9F
:102880000068B0FBF2F000EB800040000090009880
:102890000028E5D000980138F8E700BF082401407F
:1028A000F8B50021894D974C00916E6CA06A826842
:1028B000D20558D44168C90503D4C16A11F4700F18
:1028C00030D08048076800F05DFB3C4902223C4B59
:1028D0000968C1F3813102EB4101B0FBF1F0B7FBB4
:1028E000F0F1A06A374F02693A4203D1C268364F0D
:1028F0003A4240D002691A4203D1C268334B1A42AD
:1029000043D00769324BFC221F423FD1C7681F42A8
:1029100008BF54223AE0696C891B652902D301681B
:10292000890742D501688907F5D56FF0120101606A
:10293000216D41F400712165806800F46021002060
:10294000B1F5602F0ED194F8341059B9206D20F4F0
:1029500080702065206DC00403D4206D40F001001C
:1029600020650020F8BD84F84C10206D40F0200058
:1029700020650120F8BD076929221F4206D1C368DE
:10298000124F3B4208BF142200E054225143009AE8
:102990008A42CAD26A6C921B652A02D3009A8A4282
:1029A00003D3009A01320092F1E7002084F84C0032
:1029B000206D40F0040020650320F8BD04100240A3
:1029C00092244912244992242449920092244900D5
:1029D00049922400B8B54B4991F84C00012870D0B9
:1029E00000200090886A8268D20726D18268364B20
:1029F00042F001028260334A1268B2FBF3F20092A5
:102A0000009A12B1009A013AF9E7304A536C84688F
:102A1000E40712D1546CE41A032CF8D38468E40759
:102A2000F5D1086D40F010000865486D40F00100D8
:102A30004865002081F84C00B8BD0A6D40F20133B2
:102A40009A4302F580720A65214A02F57F73984223
:102A500005D00C6D24F480140C65446808E01468FB
:102A600014F4702FF5D00C6D44F480140C651468C8
:102A7000640504D50C6D012565F30D340C650C6DF2
:102A80000025E40444BF4D6D25F006054D656FF04B
:102A900002050024056081F84C40816801F4602142
:102AA000B1F5602F05D1984207D1116811F4702F4C
:102AB00003D0816841F4801102E0816841F4A001F3
:102AC0008160B8BD1C00002040420F0000010020C2
:102AD0000424014010B50B4C94F84C00012810D090
:102AE000012084F84C0004F12800FFF733FE28B9D8
:102AF000206D41F20111884301302065002084F8E7
:102B00004C0010BDDC01002090F82110022915D1E5
:102B100010B50168D0E90F230C6824F00E040C6096
:102B20000C6824F001040C60012101FA03F35360E6
:102B300080F821100021BDE8104002E004218163EB
:102B40000121002280F82020084670472DE9F84F27
:102B5000934A4FF0000C4FF001084FF00F099042DC
:102B60004FF0040208BF0322009200238D4AA2F511
:102B70007E7A31FA03F208BFBDE8F88F08FA03F253
:102B800012EA010749D023F003025AF802B08D4A35
:102B9000904208D08C4A904207D08C4A009E9042C6
:102BA00008BF022602E0002600E001260CF00C021D
:102BB00009FA02F59640FA430BEA0504B44217D12C
:102BC000784C4FEA930B26681640266066681640DC
:102BD0006660754EB64636681640CEF80060A66848
:102BE0001640A6605AF82B6026EA05054AF82B50D5
:102BF00064460646B7F5807F28BF203C28BF0436D0
:102C0000376809FA04F527EA0505042707FA04F4EA
:102C10002C433460C4682240C2600CF1040C0133C0
:102C2000A7E700BF2DE9FC4F5D4A04234FF0000ADF
:102C30004FF001084FF00F0E4FF00009904208BF0F
:102C40000323009300250A6832FA05F408BFBDE8A3
:102C5000FC8F08FA05F712EA070C00F09D804C681B
:102C6000032C16D9112C24D0122C26D04F4A944272
:102C700013D04F4A944210D04E4A94420DD04E4A3F
:102C800094420AD04D4A944207D04D4A944204D00F
:102C900020E0DFE804F00216191D8C6834B1012C25
:102CA00014BF476107614FF0080913E04FF00409B2
:102CB00010E0CC6804F104090CE0CC6804F10C09C4
:102CC00008E0D1F80C9005E0CC6804F1080901E0B7
:102CD0004FF0000954460746BCF5807F28BF203CD2
:102CE00028BF04373B680EFA04F609FA04F4B3432C
:102CF00023433B60CB79DB064ED54C4A136843F047
:102D0000010313601368274A03F00103A2F57E74E0
:102D10002C4A0193019B904225F0030354F803B021
:102D200008D0294A904207D0284A009E904208BF06
:102D3000022602E0002600E001260AF00C03AA08A1
:102D40000EFA03F706FA03F3174E2BEA07073B4385
:102D500044F82230134B4F68FA029A6854BF22EAB3
:102D60000C0442EA0C049C60BA02326854BF22EAA6
:102D70000C0442EA0C043460BA035A6854BF22EAD5
:102D80000C0442EA0C045C60FA031A6854BF22EA9D
:102D90000C0242EA0C021A600AF1040A013552E7F9
:102DA00000140140000401400C0401400000111017
:102DB000000012100000211000002210000031104D
:102DC0000000321000080140000C014000100140DA
:102DD000E0B553484FF6FF02016841F01001016071
:102DE000614801681140104A114301600F2000F052
:102DF00021F8D7480222016841F001010160016811
:102E000001F0010101910199416841F08051416057
:102E1000406800F08050009000980548016862F317
:102E20001A6101608CBD00BF0003FA051810024052
:102E3000040001407CB504465848816941F0040112
:102E40008161816901F004010191019901680168C2
:102E5000066800683248006800F08AF80025314AA8
:102E6000314940F2E73316F4E066956118BF012658
:102E7000B040C2E9025315612C4EB0FBF6F00138A8
:102E8000C2E9001092F83D600EB982F83C5002256C
:102E900082F83D500D6825F47C750D60CB62886228
:102EA000012048610B69DB0703D00B6923F00103A4
:102EB0000B6182F8460082F83E0082F83F0082F8FB
:102EC000400082F8410082F8420082F8430082F814
:102ED000440082F8450082F83D0092F83D00012848
:102EE0001CD1022082F83D00C86840F00100C86093
:102EF000886800F00700062803D0086840F0010049
:102F000008600B484FF080410F2C016006D81E204E
:102F10000F2100F00FF8E148012101727CBD00BFD4
:102F200000200240441600200008004040420F00EC
:102F300000E100E010B50C4A4FF0FF341268C2F314
:102F40000222D31E82F0070238BF0023042A28BFC2
:102F5000042204FA02F29143044A9940090162F3FF
:102F60001F20017010BD00BF0CED00E0E400E00088
:102F700009480A490A4A00680968C1F30221515CFC
:102F8000C840704704480549054A00680968C1F30C
:102F9000C221515CC84070471C0000200410024050
:102FA00010B6000868B32DE9F04186B0044690F8E9
:102FB0004100644D38B3242041F20C6684F841008E
:102FC0002068D4E90212C36823F40053C360036984
:102FD00023F440531A4302612269C36811436269B2
:102FE000B34311431943C1604169A26921F440719F
:102FF0001143416105F54051884243D0FFF7B8FFC6
:1030000042E00120704720684F49002784F8407053
:10301000CDE90477CDE90277884266D04B498842F2
:10302000C9D14B48016841F480410160016801F455
:10303000804101910199016841F00401016000683B
:1030400000F00400019003200590022003904FF44B
:1030500000700290019802AE28463146FFF7E2FD6B
:1030600000203146CDE903004FF4806002902846ED
:10307000FFF7D8FD25200021FFF75CFF3548202110
:10308000016098E7FFF77EFF1921334D4843D4E9EB
:1030900000129200B0FBF2F06422B0FBF2F303FBEB
:1030A0000500322505EB0010B0FBF2F000F0F00255
:1030B00000F00F0002EB031210448860086920F44E
:1030C00090400861486920F02A004861C86840F4CF
:1030D0000050C86000202021606484F8411084F80A
:1030E0004210606306B0BDE8F081194805F58066BE
:1030F0000DF10808416841F480214160416801F404
:10310000802101910199016841F008010160414667
:10311000006800F008000190032005900220039051
:103120004FF48060029001983046FFF77BFD4FF42A
:1031300000604146CDE9037702903046FFF772FD0B
:1031400039E700BF00080140004800400038014056
:103150001810024004E100E09CFFFF0F2DE9F04150
:10316000044690F8420020281CBF0220BDE8F081F0
:10317000A1B11D4600202223606484F84230206300
:103180004648A285466CE285A068B0F5805F01D113
:10319000206930B14FF000080F4604E00120BDE87F
:1031A000F08100278846E08D08B32046202100F0FA
:1031B0001CFAF0B95FB1A068B0F5805F0FD008B914
:1031C000206960B12068406800F07F0009E0206855
:1031D000002740686FF35F2028F8020B03E02068A7
:1031E000406807F8010BE08D0138E085DBE700203F
:1031F00000E00320202184F84210BDE8F08100BFE8
:103200002DE9F041044690F8410020281CBF02201F
:10321000BDE8F08199B100201D466064212084F84A
:1032200041001E48A284466CE284A068B0F5805F2D
:1032300001D1206930B14FF000080F4604E00120B1
:10324000BDE8F08100278846E08CA8B120468021A7
:1032500000F0CBF9E0B927B117F8010B21684860FD
:1032600006E038F8021B206800276FF35F214160F9
:10327000E08C0138E084E7E72046402100F0B5F912
:10328000202184F84110002818BF0320BDE8F081F8
:10329000202084F841000320BDE8F08100010020D7
:1032A000F8B5174F154C4FF400754FF48076256034
:1032B0002660B8476560B84766603846BDE8F840A4
:1032C000004700BFB0B50D4C4FF400754FF480704F
:1032D0006560206000F016F82560B0BD70B5084E3E
:1032E000064C4FF400702060B0474FF480752560A5
:1032F000B04765603046BDE870400047100C0140A3
:103300000533000800BF00BF00BF00BF00BF00BF03
:1033100000BF7047FEE7FEE7274900200022082A89
:1033200008BF00F01DB80023802B03D001F8330044
:103330000133F9E701310132F1E700BF10B501F0C7
:1033400007030124C908002A1B4A04FA03F302EB0D
:10335000C000425C0CBF9A431A43425410BD00BFE8
:10336000F8B5154D154E0024082C08BFF8BDA4F182
:103370005000C0B2B04700200027B0471020B0472F
:10338000FFF78EFF782000F0CDF9FFF7A7FF402070
:1033900000F0C8F9FFF7A2FF802F07D015F837001B
:1033A00000F0C0F9FFF79AFF0137F5E7FFF78AFF52
:1033B00001350134D8E700BF340200207D35000814
:1033C0002DE9F04F85B01C468A468146082B01D175
:1033D000062709E0012361074FEAD40118BF03EB78
:1033E000D40163085943CFB261080026CDF80C9090
:1033F0000291A2F12001CAB2244902EB420301EB7F
:103400004301019304911F4901EB02110091BE4257
:1034100035D0082C01D1049809E0102C06D00C2CD2
:103420002DD10198184901EB800000E0009830444C
:103430004FF00008554690F800B0B8F1070F0ED8CD
:103440005FFA89F0E9B20BF00102FFF777FF5FFA4C
:103450008BF008F1010801354FEA500BEDE709F157
:103460000109082C09D003995FFA89F0029A401AE1
:10347000904204BF0AF1080A89460136C7E705B041
:10348000BDE8F08FF0AF00087CAB000854A900083D
:103490002DE9FE4F894601218346A3F110005C0708
:1034A000C0F3C4005E464FEAD30440EA431018BF9D
:1034B00001EBD30404FB03F100270193C4B22148BC
:1034C000029100EB421000900298874231D0062C06
:1034D0002FD8DFE804F00406082E2E2E0A000098EC
:1034E00004E0174802E0154800E0134838444FF064
:1034F000000A4D4690F80080BAF1070F0DD8F0B2DF
:10350000E9B208F00102FFF719FF5FFA88F00AF14B
:10351000010A01354FEA5008EEE701360199F0B291
:10352000A0EB0B00884204BF5E4609F10809013791
:10353000CAE7BDE8FE8F00BF54A60008D4A5000866
:103540008CA500082CA400082DE9F0415E081C465B
:10355000154688460746082B08BF06262A78A2F19A
:103560002000C0B25E2888BFBDE8F081F8B24146B5
:103570002346FFF725FF37440135EFE770B50446D2
:10358000FFF78EFE074D7820A847074EB047002072
:10359000A847B0472046A847B047BDE87040FFF7AE
:1035A00091BE00BF25370008DD320008206850E8D2
:1035B000050F216820F0400041E80502002A70470D
:1035C000206850E8050F216820F0010041E805025D
:1035D000002A70472046FDF7C3B9B0F91014B1F1C5
:1035E000FF3F70472221FDF7BAB832462B4600F064
:1035F00009BA4046FCF758BE20460021012328475F
:103600009DF83890DDF840A04FF000080390704717
:103610004FF400721423009405F069BA386840F042
:1036200004003860386800F0040070470F22FDF78E
:103630006CB9206850E8030F216820F0100041E8C1
:103640000302002A70472246FDF75FB93078012156
:1036500085F8350001FA00F0A8637047214604F0B0
:103660009FBE4FF4FA7301F063BC3A21FDF777B8BF
:103670002C21FDF774B802681F2602FA04F506FA39
:1036800004F47047206850E8030F216870472068F1
:1036900000F00C000828704705F1100000226FF3BD
:1036A000DF314254704708210822334604F078BEC7
:1036B000002100233847484604F072BE4FF4FA73E5
:1036C000054601F035BC044600202072FCF7E8BD39
:1036D0004FF47A7005F05CBA00EB40004001B0FB9B
:1036E000F5F00430C0B202F0CFBB4DF808ED304623
:1036F00005F0C0F900285DF808EB7047D1F82CC040
:10370000BCF1000F70474FF48071FCF761BE214699
:103710000546A06951F8142F5060A069A1610260AC
:10372000704700002DE9F0410D4E044600254FF48E
:1037300000784FF48077072D88BFBDE8F08160B234
:10374000B0F1FF3FCCBFC6F80480C6F80080FFF799
:10375000D9FD3760FFF7D6FD776001356400EAE7F1
:10376000100C01402DE9FE43FCF79AFDBE4D697A2D
:1037700001316972FCF798FDFCF792FD6A6D296EC4
:1037800001326A650A6C013A0A6402D0FCF78CFDCA
:103790000BE0CA6B0A6491F8342042F0080281F809
:1037A0003420FCF781FD05F011F801AECDE901668A
:1037B0006F6DFCF775FD804623488146284650F81A
:1037C0006C4F844234D060694946381A48452FD836
:1037D000D4E9001048606068016014F80B0C2460A4
:1037E00081075CBF00F0FE0004F80B0C01984460F8
:1037F000C4E90006D4E90210019488476F6D01986E
:10380000B042DBD0D4E9001048606068016014F871
:103810000B1CC4E900448807D0D5C807CED0A4F15A
:10382000140001F0FE0104F80B1C05F02DFAC5E7A9
:10383000FFF7DFFEFCF734FD697A01396972BDE8F4
:10384000FE43FCF731BD00BFFEFFFF7F7047000065
:1038500010B5284B1868C1680269940707D58C0712
:1038600005D56FF00204046100241C7784695407B5
:1038700007D54C0705D56FF00404046100241C77BC
:103880008469140707D50C0705D56FF00804046197
:1038900000241C77C469D40607D5CC0605D56FF083
:1038A0001004046100241C77C369D3070BD0CB0735
:1038B00009D06FF0010303610F4B984203D16A4BAB
:1038C0005C6C01345C64130604D50B0644BF6FF0D6
:1038D00080030361530604D54B0644BF6FF04003D9
:1038E0000361920604D5890644BF6FF0200101618F
:1038F00010BD00BF4416002000080040406A0021AF
:10390000C185C1847047016851E8031F026821F432
:10391000907142E80313002BF5D1016851E8051FAF
:10392000026821F0010142E80513002BF5D1016B7B
:10393000012909D1016851E8031F026821F0100133
:1039400042E80313002BF5D1202180F8421000211A
:103950000163704781B02A4890F8421022294CD167
:103960008268B2F5805F09D10269816A52B9026842
:1039700052686FF35F2221F8022B0DE00369816A20
:103980001A4302D10268526803E00268526802F0EA
:103990007F020A70816A01318162C18D0139C1855E
:1039A00009042AD10168CA6822F02002CA60CA68E4
:1039B00022F48072CA604A6922F001024A61202121
:1039C00080F8421000214163026B012A15D1016386
:1039D000016851E8031F026821F0100142E8031357
:1039E000002BF5D100680168C90606D500210091B9
:1039F0000168009140680090009801B0704700BFD6
:103A00008C1600202DE9FC410568F84F80465E1CAD
:103A100028680840884223D0002EF9D0786C841A98
:103A200003209C421AD8CBB1E8684007F0D5402962
:103A3000EED08029ECD028680007E9D50024019455
:103A4000286801906868019001984046FFF75BFF85
:103A5000082088F84040C8F844000120BDE8FC81F7
:103A60000020BDE8FC8100BF00010020F8B5CD4C6E
:103A7000E068002864D00168002961D00A6AE2B1D8
:103A8000082190470146E06891B1002858D00168AC
:103A9000002955D04A6A3AB108219047E0680028C9
:103AA0004ED0016800294BD00A6B32B19047E068D4
:103AB000002845D00168002942D00A6A1AB30121C2
:103AC000904700B3E06828B1016819B1096B09B1EA
:103AD000884700E00020B4F8102440F2FE3311467D
:103AE0006FF3DF31994202F4004308D801322144D8
:103AF0006FF3DF321A44A4F81024087403E003F2D1
:103B0000FF30A4F81004E068D0B10168C1B10A6ABE
:103B1000B2B11021904798B1E06828B1016819B19D
:103B20004A6A0AB110219047B4F81004D4F8181961
:103B300040F40040A4F8100411B1D4F81C098847DF
:103B4000994C20680268C168466915074FEA82638C
:103B500073D001F4907706F00106BF1971D0D70732
:103B600005D0CF0503D5676C47F001076764570799
:103B700004D51EB1676C47F002076764920704D54D
:103B80001EB1626C42F004026264002D07D501F0A0
:103B90002002921903D0626C42F008026264626CE7
:103BA000002A00F0D580002B04D5890602D5FFF746
:103BB000D1FE20684069616C00F0400001F008010E
:103BC000401802BF00206064F8BD2046FFF79BFE4E
:103BD00020684069400640F1BB80FFF7E7FCFCD15C
:103BE000E06B002800F0B4807049416390F8211028
:103BF000022940F0AE8003686E4C6D4A196821F0CE
:103C00000E011960196821F0010119600121A34218
:103C100000F0AB80684CA34200F0A980674CA3423F
:103C200000F0A780664CA34200F0A680654CA3423A
:103C300040F0A5804FF48034A9E0002B01D58B061D
:103C400029D4236B012B03D1D30601D5CB0626D46F
:103C5000130601D50B060BD4520679D5490677D544
:103C6000C16821F04001C160202084F84100F8BD06
:103C700094F8411021296BD1A268216AB2F5805FC6
:103C80005DD12269002A5AD131F8022B6FF35F22ED
:103C90002162426057E0BDE8F840FFF75BBE0021BB
:103CA00000910168009141680091009940694006C7
:103CB0001CD4E08DA18DE28D002A49D0814247D0ED
:103CC000FFF7E0FC20F4907041E80302002AF7D1EE
:103CD000FFF776FCFCD1202084F84200002020630E
:103CE000FFF7A7FCFCD102206063F8BDE06B016820
:103CF00049688AB262B3A38D9A4229D2E18580696C
:103D0000202818D0FFF7BEFC20F4807041E80302A1
:103D1000002AF7D1FFF754FCFCD1FFF747FCFCD198
:103D2000202084F8420000202063FFF782FCFCD1B1
:103D3000E06BFEF7E9FE02206063E08DF8BD4A1CEF
:103D4000226209784160E18C0139E184090403D0E1
:103D5000F8BD0421816320E0C16821F08001C160C9
:103D6000C16841F04001C160F8BD01240FE010249A
:103D70000DE04FF480740AE04FF4805407E002F144
:103D800068054FF08074AB4208BF4FF48014146094
:103D9000002280F8202080F82110BDE8F840FFF7CD
:103DA000ADBD00BF380700208C160020FD3800088C
:103DB00004000240080002401C00024030000240A3
:103DC0004400024058000240FEE70000EB48006E4D
:103DD00018B10748443004F023BC7047E748006E30
:103DE00018B10348443004F0D3BB704700010020F1
:103DF00074010020143804F0EDBE70B50546084685
:103E000016460C4604F016FF9EB1012E18D1284626
:103E10000068A8420DD090F8211094F835208A420D
:103E2000F6D2416804F114020A60C4E90501426057
:103E300070BD686804F114010160C4E9055069604F
:103E400070BD0000CD49CA6D1AB1D1B221B10122B5
:103E50000FE04FF0FF3110E012F47F4102D0090A69
:103E6000092206E012F47F0107BF110E1922090C86
:103E70001122054B595C114401390160034850F887
:103E800031001438704700BF54A800081C420020BD
:103E9000B0B5BA48046EFCF703FA0546204604F0B4
:103EA0001FFDFCF7FDF92246E16D52F8583F5960BD
:103EB000E16DE2650B6094F84D10126001F0FE01B7
:103EC00084F84D10FCF7F0F904F1440004F01EFCF6
:103ED0000848016844F8141F4C60042104606060C5
:103EE000284684F82010FCF7DFF9BDE8B04004F064
:103EF0006DBC00BF90000020F8B504460020C4E966
:103F0000081004F11400C4E90A232321C4E90500C0
:103F100010461A4604F006FBD4E90A12D4E9080652
:103F2000DDE906CE1A4F6FF03F05114421F007027C
:103F3000A2F1400115B157510435FBE7154B00259F
:103F40004FF0807742E9020742E9086542E90655E9
:103F500004F1440042E90453E1610A21224684F855
:103F600035C0C4E90E5EC4F840E0C4E91C5584F8CD
:103F70003450256304F0EEFB04F15801064884F840
:103F80004D50E566C4E9161104F1600131C1F8BD78
:103F9000EFBEADDE913E00089D3F0008B0B504467F
:103FA000FCF77EF9FFF7B3FB6FF0010009602063B7
:103FB000204604F063FC2846FCF776F9BDE8B040E3
:103FC00004F004BC82B0FFF783FBDFF89C90DFF8BD
:103FD0009CA04FF0640B40F6FF7601F0A7FF074668
:103FE00001F0A4FF044602F02FFF054602F02CFF6B
:103FF00000FB0BF039462B46B0FBF6F05FFA80F879
:1040000004FB0BF0B0FBF6F0CDF80080C0F16400CB
:10401000C4B208A0224604F0C3F958485146C0E98A
:104020000F48484603F0AAF841F2883004F0B0FD8A
:10403000D3E700BF4C696768743A205261773D2529
:10404000642C205063743D25642525207C204D512F
:10405000323A205261773D25642C205063743D250F
:104060006425250A00000000A0C100088CC00008DB
:104070000978104871B1012242700F48827A002AF3
:1040800019BF0022C2720E484FF4005208BF0260EE
:104090000A4A09E0002242700748C27202730848C7
:1040A0004FF000520260074A80B507A004F078F98B
:1040B000002080BD000000200001002055C2000843
:1040C0001010014000C200084253505F4C4544208C
:1040D0006368616E676564202D3E20256420282575
:1040E00073290A0080B509784FF00050074A01296A
:1040F00008BF4FF400501060064A0548002908BF69
:10410000024605A004F04CF9002080BD100C0140CF
:1041100057C1000878C1000842555A5A45522063D9
:1041200068616E676564202D3E2025642028257314
:10413000290A000080B502A004F032F9002080BDF9
:104140001B5B324A1B5B4800F8B5FFF73FFE0B488C
:10415000806D00F11C0670CEFFF740FE0C4F08A0EA
:104160002146B8470BA02946B8470EA03146B847AC
:10417000611B10A0B8470020F8BD00BF000100205F
:10418000746F74616C202020203A2025640A00009E
:10419000A18300087573656420202020203A202523
:1041A000640A00006D6178696D756D20203A2025E4
:1041B000640A0000617661696C61626C653A202571
:1041C000640A000010B5022818D14C681E49FFF798
:1041D00001FA28B31D49FFF7FDF920B31CA1FFF731
:1041E000F9F918B31B49FFF7F5F910B31A49FFF7AE
:1041F000F1F908B31949FFF7EDF900B31848194C64
:10420000A04719A0A0471B48A0471B48A0471BA0D8
:10421000A04721A0A04727A0A0472FA0A04710E0BB
:1042200002F008F90DE002F003FA0AE002F07CF86F
:1042300007E001F0F7FF04E001F06EFF01E001F09C
:10424000BDFE002010BD00BFE2C1000870C2000822
:1042500073656D00DBC20008F2C100080DC20008E2
:10426000D6BC0008A18300085B6F7074696F6E7321
:104270005D3A0A006EBE0008FDBE00082020202026
:1042800073656D202D206C6973742073656D61708A
:10429000686F7265730A0000202020206D757465B8
:1042A00078202D206C697374206D75746578730A9D
:1042B00000000000202020206D7367717565756512
:1042C000202D206C697374206D65737361676520A0
:1042D0007175657565730A00202020206D656D700D
:1042E0006F6F6C202D206C697374206D656D6F721B
:1042F0007920706F6F6C730A0000000080B502F0C7
:1043000099F8002080BD0000F8B5032069460390AD
:104310000020029001200190802000904848FEF784
:1043200081FC8FBD86B040F6B83004F031FC444CBF
:104330004FF0010A0DF103070025032D54D0FFF7BC
:10434000E3FF4FF400002061142004F021FC8026DC
:104350001E20266104F010F8FBF7A2FF8046002023
:10436000CDF810A0CDE902600590204602A9FEF725
:1043700059FC002000F09EF860B3012000F09AF88C
:1043800040B3002000F096F820B30026052E35D06B
:104390004FF000094FF0070B07F806901BF10100E2
:1043A00016D0012000F086F8A0B1282003F0E4FF29
:1043B000A068000609D50AFA0BF049EA00090020B6
:1043C00007F8069000F076F820B1ABF1010BE5E7B5
:1043D0000136DBE7FFF70DF9013525A00322294659
:1043E00003F0DEFFC82006E028A0032103F0D8FF79
:1043F00000254FF4616004F0CBFB9EE7FFF784FFDC
:1044000080202061FFF7F5F89DF803209DF8040057
:104410009DF805109DF806301044084418449DF896
:104420000730C0B28342D7D10648C0E90D1206A0BA
:1044300003F0B6FF0C480D4902F0A0FED8E700BF1C
:10444000000C014000010020202044485431313A42
:104450002054656D703D2564432C2048756D693D81
:10446000256425250A0000004BC10008C4C10008CE
:104470002020444854313120726561642072657493
:1044800072792025642F25640A000000202044480A
:104490005431312072656164206661696C65642005
:1044A0006166746572202564207265747269657333
:1044B0000A00000070B5094E04466FF063053068CD
:1044C000C0B2B4EBD01F04BF012070BD25B10120E4
:1044D00003F052FF0135F2E7002070BD080C0140E7
:1044E000F8B5424DAE4E044600210F46092907D8C3
:1044F000204629463246FFF7B4F8791C0028F4D14B
:104500000020092F88BF0120F8BD00BFB0B5A2B0C0
:10451000009202AD0B46044606A280212846FBF716
:1045200057FF0BA22046294641F2883300F000FDD8
:1045300022B0B0BD41542B43495053544152543DD5
:1045400022544350222C222573222C257500000072
:10455000434F4E4E45435400F34A02A14FF47A7341
:1045600000F0E6BC41542B434950434C4F534500A7
:1045700010B50D4A08A14FF4FA73044600F0D8FCB8
:1045800008B1012010BD0C4A08A120464FF4FA736F
:10459000BDE8104000F0CCBC41542B4349504D4F76
:1045A00044453D31000000005BC1000841542B43ED
:1045B000495053454E440000BBC0000810B50446A6
:1045C000FFF786F808A1204604F0DCFEFFF780F82C
:1045D00000200649E64A4FF4FA73A4F81004204676
:1045E00000F0A6FC002010BD2B2B2B009DC1000865
:1045F00070B5154A0C4611A1FFF760F810B10125FE
:10460000284670BDB5F81014FFF746F80FA1FCF767
:10461000B0F80028F3D0FEF7E5FF0028EFD0461CE5
:1046200022213046FCF79BF80028E8D000253146CF
:1046300005702046FCF7DBF8E2E700BF41542B434E
:1046400049465352000000005BC1000853544149E1
:10465000502C000069B1B0B5114A0C460DA1FFF70E
:104660002DF820B9B5F91004B0F1FF3F03DD0120AA
:10467000B0BD0320704781B2FFF70EF809A1FCF727
:1046800078F80028F3D00830FCF75CF820700020A0
:10469000B0BD00BF41542B43574D4F44453F000030
:1046A0005BC100082B43574D4F44453A00000000C2
:1046B00080B5642004F06CFA4FF4FA7004F068FAE4
:1046C000002080BDB0B5A2B0009202AD0B460446FA
:1046D00006A280212846FBF77BFE09A22046294638
:1046E00042F2107300F024FC22B0B0BD41542B43C1
:1046F000574A41503D222573222C22257322000067
:104700005749464920474F54204950007FB5054638
:104710001EA00C46214A017B8368406811731B4927
:104720009360C2E90010E86868B1016859B1CE6AC7
:104730004EB11A491A4A4FF47A73B04718B9E8686B
:10474000FEF74BFF02DD042004B070BD89B200F11A
:10475000100500206E4613A223466FF3DF31685424
:1047600030461021FBF734FE28463146FCF701F8AD
:104770000028E8D004466846FCF75DF82044FBF7C3
:10478000E1FF0328DFDD0020DEE700BF41542B4DB1
:10479000515454434F4E4E3F00000000FC12002085
:1047A0005BC100082B4D515454434F4E4E3A256483
:1047B0002C0000002DE9F843C0680E46FEF70DFFFF
:1047C00002DD0120BDE8F88389B290461030002256
:1047D00099466FF3DF3142543649FBF7CAFF002890
:1047E000EFD0FEF7FFFE0028EBD0441C222120462C
:1047F000FBF7B5FF0028E4D00746001B4FF6807199
:104800007F25084208BF85B2304621462A46FCF77C
:104810007CF800202C217055781CFBF7A0FF0028A5
:10482000CFD0471C3846FBF78DFF064680B208B153
:10483000484501D9A9F101063846FEF719FF0028BD
:10484000BFD0B4B2411C089D4046FEF7FCFE0020DC
:1048500008F804004DB318494046FBF78AFF30B30F
:10486000FEF703FF18B3411C0A7842F00200222829
:1048700001F1010009D10146F6E7222A08D02C2ACD
:1048800006D07D2A04D010F8012BD2B2002AF4D130
:1048900001384FF6E0721F24401A104208BF84B25C
:1048A0002846FEF7D0FE00202855BDE8F8830020FA
:1048B000BDE8F883ADC0000877C00008BFB502B3FB
:1048C000044608980D464FF48071002818BF012057
:1048D0000290CDE900230DA22B460B48FBF778FD93
:1048E000E06860B1016851B1FEF708FF07D00649E2
:1048F000CF4A40F6B83304B0BDE8B040604701206D
:1049000000E0032004B0B0BDFC12002041542B4D48
:10491000515454434F4E4E3D25642C222573222C76
:1049200025752C25640000005BC1000810B5044605
:104930000A480B460AA2FEF7E6FEE06858B1016895
:1049400049B1FEF7DBFE06D00449B94A4FF4FA63D9
:10495000BDE810406047012010BD00BFFC120020E0
:1049600041542B4D515454434C45414E3D25640018
:104970005BC10008002A68D0002B66D02DE9F04FFB
:10498000A5B0DDF8B890B9F1000F60D02F9D002DD3
:104990005DD01446049100938346309E05A838A24A
:1049A00080212346FBF714FD3DA3002E3FA24FF4C8
:1049B000807118BF33463C4E3046FBF709FD074671
:1049C0006C204E4C4FF0000805FB00FA3DA5C24597
:1049D000B9B23ED0B8F1000F06D07018C1F58071A1
:1049E0002A46FBF7F5FC074409EB080191F868003B
:1049F000032803D8DFE800F0022B0C1B086EBAB2C4
:104A000001F12003C2F580710090B018224616E033
:104A1000086E32A201F120030028324808BF104678
:104A2000BAB20090B018C2F580712FA207E0BAB2F6
:104A3000009101F12003B018C2F5807122A2FBF7AA
:104A4000C7FC074408F16C08C1E703207047032046
:104A500013E07018C1F5807129A2FBF7B9FC30464C
:104A6000FBF7E9FE002180B23346CDE90001029157
:104A700005AA0499584600F045F825B0BDE8F08F26
:104A8000247379732F25732F25732F7468696E67CC
:104A90002F70726F70657274792F706F737400006D
:104AA0003132333435360000FC1300207B22696438
:104AB000223A222573222C22706172616D73223A90
:104AC0007B0000002C000000222573223A7B227616
:104AD000616C7565223A222573227D0066616C73D4
:104AE00065000000FBC10008222573223A7B227674
:104AF000616C7565223A25737D00000019C30008BA
:104B00007D7D000022B32DE9F04F85B01D46DBB15D
:104B100004460E98C0B10B46DDE90F61CDE90020D7
:104B2000344835A2CDE90261FEF7EDFDE06848B1F9
:104B3000016839B1CE6A2EB12E49374A4FF4FA6373
:104B4000B04738B1012000E0032005B0BDE8F08F88
:104B500003207047E06804F0F9FBE0682F492A461B
:104B600004F010FCDFF8949EDFF8B4B040F6B835DE
:104B70004FF000082BA64FF0000A95B3E068FEF74F
:104B80002CFD25DC89B200F110076FF3DF313846C8
:104B900007F801805946FBF7ECFD10B1E06804F01E
:104BA00010FC38463146FBF7E4FDE0B920493846B1
:104BB000FBF7DFFDB8B91F493846FBF7DAFDA0B9AE
:104BC00038461DA1FBF7D5FD78B9E068A0F8108440
:104BD000D9F84400D9F84410091A0229FAD3013D42
:104BE000CBE70220B1E7002000E00120E168A1F856
:104BF00010A4AAE7FC12002041542B4D51545450EC
:104C000055425241573D25642C222573222C25758F
:104C10002C25642C25640000BBC0000876C2000867
:104C2000ADC000082B4D5154545055423A4F4B00E3
:104C30005BC1000890C100084641494C00000000DB
:104C40008AB383B32DE9F047A4B02C9F6FB3164607
:104C50000DF110080C4605460093DDE92DA915A2BB
:104C6000802140463346FBF7B3FB1B481B4EB9F18E
:104C7000000F1BA24FF480713B4618BF4846CDE998
:104C800000A03046FBF7A4FB3046FBF7D4FD002123
:104C900080B242463346CDE90001029128462146C2
:104CA000FFF730FF02E003207047032024B0BDE887
:104CB000F08700BF247379732F25732F25732F740A
:104CC00068696E672F70726F70657274792F736583
:104CD000745F7265706C7900D8C10008FC13002005
:104CE0007B226964223A222573222C22636F646539
:104CF000223A25642C226D7367223A222573227D85
:104D0000000000002DE9F04779B114466AB10E4663
:104D1000099951B1DDF82CA0BAF1000F05D0C06897
:104D2000FEF75BFC05DD012500E003252846BDE814
:104D3000F08789B2103000221D466FF3DF314254F4
:104D40002E49FBF716FD0028EDD0FEF74BFC00289E
:104D5000E9D000F1010922214846FBF700FD0028B7
:104D6000E1D08046A0EB09004FF680717F27084212
:104D700008BF87B2304649463A46FBF7C6FD0020D9
:104D80002C21F05508F10100FBF7E9FC0028CAD0FE
:104D9000461C3046FBF7D6FC074680B208B1A84255
:104DA00000D96F1E3046FEF763FC0028BBD0BFB2AF
:104DB000411C089E20463A46FBF7A7FD0025E55515
:104DC000C6B10FA12046FBF7D4FC98B1841D222167
:104DD0002046FBF7C4FC68B1001B4FF6E0711F27AB
:104DE000084208BF87B2304621463A46FBF78DFDA0
:104DF0000020F0558AF8005098E700BFADC00008C9
:104E0000226964223A220000BCB5DAB10D4604469C
:104E10000D48CDE900230DA24FF480712B46FBF71E
:104E2000D7FAE06860B1016851B1FEF767FC07D0BE
:104E30000549764A4FF4FA6302B0BDE8B0406047D6
:104E40000120BCBD0320BCBDFC12002041542B4DF1
:104E50005154545355423D25642C222573222C2550
:104E6000640000001CB5BAB104460C480B46009221
:104E70000BA2FEF748FCE06860B1016851B1FEF793
:104E80003DFC07D00549614A4FF4FA6302B0BDE822
:104E90001040604701201CBD03201CBDFC120020F7
:104EA00041542B4D515454554E5355423D25642C7D
:104EB00022257322000000001FB5EAB1044602F16A
:104EC000C0000B4602F1400102900D48CDE90021DF
:104ED0000CA2FEF718FCE06860B1016851B1FEF762
:104EE0000DFC07D00649494A4FF4FA6304B0BDE807
:104EF00010406047012000E0032004B010BD00BF57
:104F0000FC12002041542B4D5154545553455243EB
:104F100046473D25642C312C222573222C222573F3
:104F2000222C222573222C302C302C22220000002F
:104F30002DE9F8431C4690460D46074604F006FA54
:104F400019A138462A4604F01DFAB8F1000F24D002
:104F500000262CB3DFF8589007F11005FCB1B7F923
:104F60001004B0F1FF3F13DC80B249466FF3DF302D
:104F70002E542846FBF7FDFB10B1384604F021FA09
:104F800028464146FBF7F5FB0021A7F8101420B98D
:104F9000012003F0FDFD013CE0E7002600E00226D1
:104FA0003046BDE8F88300BF25730D0A00000000FD
:104FB000ADC00008FFF7BCBFB0B588B06D460B466A
:104FC000044606A220212846FBF702FA0F4A204693
:104FD0002946FEF746FB08B0B0BD00BF41542B4345
:104FE000574D4F44453D25640000000010B5074A69
:104FF00004A1FEF736FB044608B9FEF769FB20461C
:1050000010BD00BF41542B52535400005BC1000837
:10501000002070470020704780B509784FF080501D
:10502000074A012908BF4FF480501060064A05481E
:10503000002908BF024605A003F0B2F9002080BD98
:10504000100C014057C1000878C1000846414E20AD
:105050006368616E676564202D3E202564202825E5
:1050600073290A002A48006D90F82100800703D4B4
:10507000074800210170704710B5054C00202071D1
:10508000044820602046FBF7D6FB3E21215210BD8C
:10509000340600206D736820F8B51D4F1D481E4969
:1050A000C7E91210782003F0BDF940B3002178223F
:1050B000002403F037FA38650A201A494FF4C06219
:1050C0001523009015A003F012FD3E6D054616A2B3
:1050D0000221304603F03EFB06F11400B4837472E3
:1050E000C6E90500386D90F8211041F0020180F802
:1050F00021105DB1284603F087FD002406E0002062
:1051000038650BA003F04CF94FF0FF342046F8BD92
:105110000001002020C4000878C30008747368658B
:105120006C6C000049510008736872780000000040
:105130006E6F206D656D6F727920666F7220736877
:10514000656C6C0A0000000088B0DFF898B4DBF8EA
:10515000500090F8211041F0010180F82110FFF774
:1051600081FFDFF88464304603F01AF9DFF87C74BD
:10517000DFF88094E8463846414601220023FDF7D7
:10518000EDFF40B10A2003F003FDDBF850A0FF243F
:105190000AF120000AE09DF80040DBF850A00AF177
:1051A00020001B2C02D101210170E4E79AF8202095
:1051B000A4F10801022A06D0012A27D15B2C23D1B1
:1051C00002210170D7E700220529027034D9A4F129
:1051D00041000228CFD3002CCDD0432C00F04D81CC
:1051E000FF2CC8D07F2C49D0442C1CD1BAF87600B3
:1051F0000028C0D0FEF75FFADBF85000B0F8761058
:105200000139A0F87610B6E700220270052904D80B
:10521000DFE801F0346B18090918002CABD07F2CA3
:105220002CD0FF2CA7D0BAF874005028C0F0C4804E
:105230000020AAF87400EBE0DFE801F02057040337
:105240000304F0E79AF82100C00705D0DFF8A803AF
:1052500003F0A6F8DBF850A0BAF874500AF1230066
:105260000AF12204002D00F094812178202901D038
:1052700009297BD10130013D0134F3E7BAF87610FA
:1052800000293FF478AFBAF87420481EAAF87600D7
:10529000531E82B2AAF874309BB2934240F28080CF
:1052A0000AF12204A01821449A1A03F025F9DBF828
:1052B00050000023B0F8741000F122025354B0F8EB
:1052C000760011180FF2743003F06AF8DBF8500022
:1052D000B0F87640B0F8740084423FF64CAFFEF769
:1052E000EAF9DBF850000134F4E70024BAF876005C
:1052F000844205D2FEF7DFF9DBF850A00134F5E770
:10530000BD4803F04DF81AF8220F002800F0A180E4
:10531000DBE9126700240025BE4236D2D6F80080B1
:105320005046FBF788FA024650464146FBF7A2FA80
:10533000D0B925B94046FBF77EFA05464446002021
:10534000215C271831B118F800201AB1914201D11F
:105350000130F5E7BBA0414603F022F8381BA84214
:10536000B8BF0546DBF84C700C36D5E74FF00008A7
:10537000C9B2092969D0202967D0454500F092803B
:1053800010F8011B08F10108F2E7974E974F002C27
:10539000E84660D0504621462A4603F075FB5AE0A5
:1053A000A5A002F0FDFFDBF85000B0F8741008442F
:1053B000002180F82210DEE6BAF87610814227D26A
:1053C000421A514401F12300223103F095F8DBF831
:1053D00050A0BAF87600504480F822409AF8210094
:1053E000C00709D0BAF87600504400F1220198486D
:1053F00002F0D6FFDBF850A0BAF87640BAF8740095
:10540000844211D2FEF757F9DBF850A00134F5E7DA
:10541000504480F822409AF82100C00704D0744814
:10542000FEF71CF9DBF850A0BAF87400BAF8761051
:1054300001300131AAF8740080B2AAF87610502821
:1054400024BF0020CAF8740095E6B8F1000F2AD1F5
:105450008FE002F0DFFAFFF705FE7BA031465246EF
:1054600002F09EFFDBF8504004F12200FBF7E3F965
:10547000A4F87600A4F874007DE6BAF87600BAF8CD
:1054800074108842BFF477AE504490F82210584808
:1054900002F086FFDBF85000B0F876100131A0F87A
:1054A000761068E6A846DBE9127A574561D23E6875
:1054B000214642463046FBF7DDF910B916F80800E0
:1054C00008B10C37F1E7D7F80880B8F1000F50D0D9
:1054D000684600212022002703F024F820460026F9
:1054E000AF4245D20278202A01D0092A08D1AF4222
:1054F00004D20021013700F8011BF3E7294600E040
:105500003946082E56D2A94232D2222A15D101306C
:105510006A4642F8260003784A1C222B1CD0AA4275
:105520001AD25C2B06D1034613F8017F222F04BF49
:105530008A1C184601301146EDE76A4642F82600FB
:1055400001360022835C8F18092B0DD0202B0BD045
:10555000AF423FD20132F5E70136AA423AD20022E9
:105560008F1C00F8012BBBE71044AF42B8D331E0E9
:1055700086BB1D4E1D4F2046E846017841F02001B4
:10558000202901D00130F8E70021017024A0FEF7A6
:1055900065F8FFF767FD304602F002FFDBF85000C8
:1055A00000215122223002F0BDFFDBF85000002123
:1055B0004167E0E511A002F0F3FE34466D4617A7FF
:1055C0002CB102CD384602F0EBFE013CF8E70A4868
:1055D00002F0E6FE6C4630462146C047024E034FBD
:1055E000A046D6E70001002034060020D416002093
:1055F000D5C1000890B8000879BF0008546F6F202B
:105600006D616E7920617267732021205765206F6C
:105610006E6C79205573653A0A00000025732000EE
:1056200025733A20636F6D6D616E64206E6F742018
:10563000666F756E642E0A00082008000825732026
:105640002008000025730A00257325730000000060
:1056500076C2000810B50446082909D84AA2DFE836
:1056600001F00F050E0B170B0B0B250076A207E0C0
:10567000102901D146A203E0494875A201E070A2B9
:10568000474850F824104748BDE8104002F088BE53
:10569000434867A250F824404248214602F080FE69
:1056A00066482146BDE8104002F07ABE3C483EA262
:1056B00050F824103B4802F073FE032C88BF10BD45
:1056C000DFE804F00215283B3A480278B2FA82F18A
:1056D00049090170002A4FF08050374A08BF4FF443
:1056E000805010604BA002F05BFE504842E0314811
:1056F0004278B2FA82F149094170002A4FF08040A5
:105700002D4A08BF4FF4804010603AA002F048FED6
:105710003F482FE027488278B2FA82F14909817028
:10572000002A4FF00050244A08BF4FF40050106088
:1057300029A002F035FE2E481CE01D480278B2FA7E
:1057400082F14909017052B1002242701948C272B7
:10575000027319484FF00052C0F8002406E00122FD
:1057600042701448827A52B10022C27213A002F031
:1057700017FE18480021BDE8104001F0FFBC0E489C
:105780004FF40052E8E700BF4E4F4E4500000000C6
:10579000444F55424C455F434C49434B0000000089
:1057A0005CA300085ABE0008434C49434B0000006C
:1057B0000000002000010020100C014020204C457A
:1057C0004420746F67676C6564202D3E2025640A51
:1057D0000000000043C10008202042555A5A45529B
:1057E00020746F67676C6564202D3E2025640A0075
:1057F00089C1000820204E4542554C495A45522047
:10580000746F67676C6564202D3E2025640A000074
:105810007FC10008202046414E20746F67676C6589
:1058200064202D3E2025640A0000000074C1000899
:105830004C4F4E475F50524553530000D0BD0008B7
:1058400052454C45415345005052455353000000CA
:10585000554E4B4E4F574E005A49DFF864B15A4EE1
:1058600000204FF4967C40F2DC53142440F20115E2
:1058700000278E46202F15D0724607EB8701F219BC
:105880004BF801E0594408379288486281F82000BB
:10589000C1E90300C1E90543C1F81CC00872CD800D
:1058A0008A80E7E749A0042102F07AFDDFF8B0AE74
:1058B0004FF00009DAF8547000260025A02E7BD0A6
:1058C0005BF806100BEB0604A0888968084018BF37
:1058D0000120E17981420FBFE168E071E76039465C
:1058E0006269791A914252D3217A80F0010088428C
:1058F0004DD0207248B1DAF868002761002846D000
:10590000E8B20121FFF7A6FE41E02069A7EB0008FD
:10591000A069804516D2616AE069791A814219D27C
:1059200094F82000013084F82000C0B2022814D17D
:10593000DAF8680018B1E8B21021FFF78BFE84F89E
:1059400020900AE0DAF8680080B1E8B20421FFF79D
:1059500081FE02E0012084F82000DAF86800676226
:1059600028B1E8B20221FFF775FE00E0676294F803
:10597000200001280BD1A069804508D2DAF8680020
:1059800018B1E8B20821FFF765FE84F82090207A6C
:1059900001280ED12169A069791A814209D30A3000
:1059A000814206D2DAF8680018B1E8B20421FFF7A4
:1059B00051FE2836013581E70A2003F0E9F879E73E
:1059C00058100020000C0140F0B500085B4B455911
:1059D0005D204B6579207468726561642073746121
:1059E000727465642C202564206B65797320696E60
:1059F000697469616C697A65640A000000010020BD
:105A000070B5012804DC00F0C9F94FF0FF3448E01C
:105A10004E680C46054664A1FDF767FE1CD063493D
:105A2000FDF763FE1CD06249FDF75FFE21D061A146
:105A3000FDF75BFE27D061A1FDF757FE33D061A1D2
:105A4000FDF753FE44D061A1FDF74FFE5BD062A08D
:105A5000314602F0A5FCD6E700F0A0F9002420E0D2
:105A60006448012141706248817AA9B10024C4725E
:105A700017E0604800244FF0005144705C48C47245
:105A80000473B7480CE0022D16D85A4841687F4885
:105A900002F086FC7E483EE0FA484FF400510024B4
:105AA0000160204670BD022D20D85248816873489D
:105AB00002F076FC72482EE0A068FAF743FE322826
:105AC00004DB014641F28830814236D96E4822E03B
:105AD000022D23D846485E495C4A807A00286348F4
:105AE00008BF114602F05CFC614814E0A068FAF7B8
:105AF00029FEB0F5FA7F04DB014642F210708142C4
:105B000036D95D4807E0022D20D83948017B40A0F6
:105B100002F046FC45A002F043FC76E7A4684B493E
:105B2000204602F0A7FF78B34949204602F0A2FFC1
:105B300090B34848FDF792FD67E72E482C4A0024B1
:105B400041609472012242704E481AE0A068FAF750
:105B5000F9FD274A274B01219172597020EAE07123
:105B600025A0642928BF6421D17202F019FC75E7D1
:105B700020481F4A0123002481609372D47243702D
:105B80003C4802F00DFC8CE70020002400F062F994
:105B9000354802F005FC84E7012000F05BF92EA0F7
:105BA00002F0FEFB5AE700BF2D68000055C2000856
:105BB00000C20008626C696E6B0000006272656171
:105BC000746865006D6F646500000000627269674B
:105BD00068746E6573730000556E6B6E6F776E2020
:105BE000636F6D6D616E643A2025730A00000000DA
:105BF00000010020000000204C45442062726967CB
:105C000068746E6573733A20256425250A000000C8
:105C100043757272656E74206272696768746E652E
:105C200073733A20256425250A00000055736167C7
:105C3000653A206C6564206272696768746E65738A
:105C400073203C307E3130303E0A000058C20008DC
:105C500051C2000850BA00084C4544206D6F64657D
:105C60003A2070776D0A0000F4BD000848BE0008B5
:105C70002EBC000889BE00088EBA0008A4BE000829
:105C80004ABC0008C3BE0008B2BA0008DEBE000865
:105C90006DBC000882B0314C31484FF00051314F9B
:105CA0004FF47A7B64254FF031094FF063080FF20F
:105CB000B80A666D016000200190787838B3A07A48
:105CC00080B3E07AE8BB606DB968801B00FB0BF025
:105CD000B0FBFBF0B0FBF1F202FB1100B0EB510F97
:105CE00028BF081A68434908B0FBF1F06428A8BF30
:105CF000284620EAE070207300FB09F0B0FBF8F0C2
:105D00001AF80000FDF7E8FC0028D6D0D5E71448C3
:105D10004FF00051016000202073786802F038FFD6
:105D2000666DCAE70E494FF400500860786802F0CB
:105D30002FFF0B494FF000500860786802F028FFF1
:105D4000BBE7E07A217B884203D0E07A0190E07AD9
:105D500020730198C0B2FDF7BFFCAEE70001002040
:105D6000101001400000002001060D13191F252B03
:105D700031363C41464A4E5255595B5E6061636420
:105D80006464646361605E5B5955524E4A46413CAF
:105D900036312B251F19130D0601000010B50D4CCF
:105DA0000AA0A0470C48A0470C48A0470C48A047B1
:105DB0000C48A0470C48A0470C48A0470CA0A0479F
:105DC00019A02146BDE81040084700BF5573616720
:105DD000653A0A00A18300080FBA00088CBC0008CD
:105DE00014BB0008D6BA000858BD000820BD000842
:105DF00020206C6564206272696768746E657373D5
:105E0000203C307E3130303E2020202053657420ED
:105E10006272696768746E657373202850574D20ED
:105E20006D6F6465290A000020206C6564202D6870
:105E30002020202020202020202020202020202062
:105E40002020202053686F7720746869732068656C
:105E50006C700A0033498A7A824211D0B0B5324B55
:105E60002D4C00224FF000555A70CA720A732560FB
:105E7000012488725C700128BDE8B04008BFCA7276
:105E8000704700BF101001402DE9F047224A4FF43F
:105E90000051244C244D1160904642F210716FF075
:105EA000630200FB021740F6354148431B4989460F
:105EB00001EB40101A498A46B0FBF1F0616D0E18F3
:105EC000606DB04208D26878F8B1A07A01281CD180
:105ED000012002F05DFEF3E7DFB14FF00050C8F89B
:105EE00000004FF47A7007FB0090616DB0FBFAF090
:105EF0000E18606DB0420CD2687830B1A07A0128DB
:105F000003D1012002F044FEF3E74FF0FF30BDE87B
:105F1000F0870020BDE8F087101001403F420F00DD
:105F200040420F0000010020000000201FB50520A6
:105F300003900120CDE9010001A8FCF733FCFCF738
:105F400049FDFCF7ADFC08B1002402E00348806A7B
:105F5000C46CFCF7BFFDA0B204B010BDDC01002092
:105F6000F8B50646C86800240C6128B3087A0D46C7
:105F700010B334462F68002E08BF3C46FAF790F95C
:105F800036B116F8042C297A02F07F028A4210D129
:105F9000696800262468BC4206D0EA6841F82640B9
:105FA00001369642F6D100E00024FAF77DF92E6121
:105FB00002E0FAF779F900242046F8BD2DE9F04F08
:105FC00093B00820082402F0B1FB00210430394AC4
:105FD0008DF84040CDE9114106AC0E902BA0082170
:105FE0000F9402F0DDF901F06DFD33A002F0D8F955
:105FF000414F00200EA9FFF7B3FF9DF840A0DDF848
:1060000048904FF000080590C84538DA54F828B099
:10601000FAF746F91BF8045CFAF746F905F07F0039
:10602000504529D10BF12005ABF10C034FF0FF30A7
:10603000294609680130A942FBD1DBF81060DBE991
:10604000062178B1CDE90210CDE9006223A0082134
:10605000082202F0A5F9284602F0CCFF384602F0EB
:106060009FF909E00020CDE9006202910821082291
:10607000039022A002F094F908F10108C4E7059802
:106080000028B7D1002013B0BDE8F08F252D2A2EAF
:106090007320626C6F636B20746F74616C20667226
:1060A00065652073757370656E64207468726561D0
:1060B000640A00000DC20008202D2D2D2D20202D5A
:1060C0002D2D2D20202D2D2D2D202D2D2D2D2D2D27
:1060D0002D2D2D2D2D2D2D2D0A000000252D2A2EA4
:1060E0002A73202530346420202530346420202574
:1060F0003034642025643A0079BF0008252D2A2E0B
:106100002A73202530346420202530346420202553
:106110003034642025640A002DE9F04F91B0062048
:10612000062402F003FB8DF83840002408210430D7
:106130002A4A10940F9104AF0C9021A00D9702F001
:106140002FF901F0BFFC26A002F02AF920460CA985
:10615000FFF706FFFDF754FAD0452ADA57F8284032
:10616000FAF79EF814F8046CFAF79EF806F07F0030
:1061700048451BD1A4F10C0654F8085FB4F810B0E0
:10618000204602F045F9A5420BD0CDE900B01AA097
:10619000FDF789FA204602F02DFF1C4802F000F9B5
:1061A00004E0CDE900B01AA0FDF77DFA08F101087E
:1061B000D2E7039C002CC9D1002011B0BDE8F08FBC
:1061C000252D2A2E7320656E747279207375737075
:1061D000656E64207468726561640A00F2C100082B
:1061E000202D2D2D2D20202D2D2D2D2D2D2D2D2D06
:1061F0002D2D2D2D2D0A0000252D2A2E2A73202528
:10620000303464202025643A0000000079BF000883
:10621000252D2A2E2A732025303464202025640A57
:10622000000000002DE9F04F93B00320032402F09A
:106230007DFA8DF840400024082104302B4A129446
:10624000119106AD0E9020A00F9502F0A9F801F073
:1062500039FC27A002F0A4F80FF2B40B20460EA9D7
:10626000FFF77EFE9DF84070129E00240590B44218
:1062700022DA55F82480FAF713F818F8041C01F014
:106280007F01B94214D1FAF70FF8D8F8149098F8B2
:1062900013A008F1080002F0BBF808210390A8F150
:1062A0000C03584608228DE8020602F079F801E056
:1062B000F9F7FAFF0134DAE7059C002CCED1002073
:1062C00013B0BDE8F08F00BF252D2A2E73202020AB
:1062D0006F776E65722020686F6C642073757370C1
:1062E000656E64207468726561640A00DBC2000830
:1062F000202D2D2D2D2D2D2D2D202D2D2D2D202DF5
:106300002D2D2D2D2D2D2D2D2D2D2D2D2D0A00003A
:10631000252D2A2E2A7320252D382E2A732025304C
:1063200034642025640A00002DE9F04F91B002206A
:10633000022402F0FBF98DF83840002408210430D3
:106340002AA210940F9104AF0C9021A00D9702F097
:1063500027F801F0B7FB28A002F022F820460CA98C
:10636000FFF7FEFDFDF74CF9D0452ADA57F8284033
:10637000F9F796FF14F8046CF9F796FF06F07F0022
:1063800048451BD1A4F10C0654F8085FB4F808B0D6
:10639000204602F03DF8A5420BD0CDE900B01CA08C
:1063A000FDF781F9204602F025FE1D4801F0F8FFB7
:1063B00004E0CDE900B01BA0FDF775F908F1010874
:1063C000D2E7039C002CC9D1002011B0BDE8F08FAA
:1063D000252D2A2E73207620202073757370656E0C
:1063E00064207468726561640A00000073656D6101
:1063F00070686F7265000000202D2D2D202D2D2D31
:106400002D2D2D2D2D2D2D2D2D2D2D0A0000000093
:10641000252D2A2E2A7320253033642025643A0046
:1064200079BF0008252D2A2E2A73202530336420B9
:1064300025640A002DE9F04FB1B00120012402F0DB
:1064400075F90430554A8DF8B840002408210DF143
:10645000900A2C90504830942F91CDF8B4A001F0C0
:106460009FFF01F02FFB4EA001F09AFF06AE2046E1
:106470002CA9FFF775FD9DF8B880309D4FF0000BFB
:106480000390CDE90458AB457DDA5AF82B90F9F723
:1064900007FF19F8041C01F07F01414508D1A9F15B
:1064A0000C085FEA887106D07821324643462AE01C
:1064B000F9F7FAFE64E0782200230F2A06EB0301C5
:1064C0000FD909EB03040431103A54F80C7C54F84A
:1064D000045C54F8084CF75059F80370B0C11033FD
:1064E000EBE708EB03020027082F03D0D359CB5169
:1064F0000437F9E7D319CA19002104E013F8014B56
:10650000013902F8014B0029F8D1F9F7CDFE99F8CD
:106510002900082108224346009031A001F040FFE5
:1065200099F8280000F00700042804D82FA151F89A
:10653000200001F035FFD9F81C00DDE90458431EA6
:1065400013F8011F2329FBD0D9E90827D9F8101027
:10655000D9F834C0002F00D57F42294C0B2F02D828
:10656000284C54F827401718C01A6423CDE900C4FA
:106570001044791A5843B0FBF2F323A001F010FF46
:106580000BF1010B7FE7039C002C7FF470AF002020
:1065900031B0BDE8F08F00BF04BE0008E2C10008C2
:1065A000202D2D2D20202D2D2D2D2D2D2D202D2D4F
:1065B0002D2D2D2D2D2D2D2D202D2D2D2D2D2D2D18
:1065C0002D2D2D20202D2D2D2D2D2D20202D2D2D2F
:1065D0002D2D2D2D2D2D2D202D2D2D0A00000000CF
:1065E000252D2A2E2A732025336420007BBF000826
:1065F0008DBF0008E9C1000804C2000884BF00087C
:10660000B6C1000860B800082030782530387820FE
:106610003078253038782020202025303264252518
:106620002020203078253038782025730A0000009B
:106630002DE9F04F91B00A200A2402F077F80027E4
:1066400008210430394A8DF8384010970F9104AC76
:106650000C9029A00D9401F0A3FE01F033FA34A0B0
:1066600001F09EFE454E47A538460CA9FFF778FC81
:106670009DF83890DDF840A0414F4FF0000803909E
:10668000D0452CDA54F828B0F9F70AFE1BF8041CA0
:1066900001F07F0149451DD1F9F706FEDBE906014E
:1066A000ABF10C030822CDE900013046082101F0CE
:1066B00077FE1BF8030CC007284608BF384601F0D8
:1066C0006FFE1BF8030C800754BF3348314801F0BC
:1066D00067FE01E0F9F7E8FD08F10108D0E7039F44
:1066E000002FC1D11E48416D1EA001F059FE0020AF
:1066F00011B0BDE8F08F00BF252D2A2E7320207029
:106700006572696F64696320202074696D656F75B7
:106710007420202020616374697661746564202090
:106720002020206D6F64650A0000000070C2000820
:10673000202D2D2D2D2D2D2D2D2D2D202D2D2D2DA3
:106740002D2D2D2D2D2D202D2D2D2D2D2D2D2D2D86
:106750002D2D202D2D2D2D2D2D2D2D2D0A00000020
:106760000001002063757272656E74207469636B3A
:106770003A3078253038780A0000000061C00008FF
:106780004FC00008616374697661746564202020DD
:1067900000000000EDBC000823BF000886B0FCF735
:1067A00017FB7A4F7A4C0DF1080B4FF44078DFF865
:1067B00010A5022600254FF001095946386840F01F
:1067C00010003860386800F01000029002983868B5
:1067D00040F020003860386800F0200002900298F5
:1067E000FCF71CFF02900298386840F008003860FF
:1067F000386800F00800029002984FF00050C4F88A
:1068000010084FF0E140C4F810044FF40050C4F8F1
:10681000108405960495CDF80C90029004F5006064
:10682000D04705964FF4E14004F580665946CDE91E
:10683000039502903046D0474FF480705946CDE919
:10684000035502902046D04778205946CDE9035998
:1068500002903046D04703205946CDE9045011201C
:10686000CDE9028030462646D047DFF858840C2018
:106870004FF4E13104F54052C8E904504046C8E9FC
:106880000021C8E90255C8E90655FCF78BFB002832
:1068900040F00482DFF830444FF46020606406F575
:1068A000E05084F83C5084F83450C4F838902563A4
:1068B000C4E90A05206DC8B9002084F84C00606561
:1068C000CDE90400386840F400703860386800F49E
:1068D000007001900198FCF7A1FE01900320CDE922
:1068E0000200019802A93046FCF79CF904F1280047
:1068F000FBF730FF234653F8502FD20619684FF0AC
:10690000100200F1CD81002840F0CA8141F202104E
:1069100021EA000002302065D4E90B01626C94F892
:10692000343010434A1EB2FA82F240EA430055095D
:106930000A46B1F5807F18BF2A0294F83C50012D19
:106940000ED143B1236D43F020032365636D43F003
:106950000103636504E0236C0E4D05EB43331A43DA
:10696000A36A5D6825F469452A43D84D5A609A6840
:106970002A400243B1F5807F9A6001D001290BD1F2
:10698000A16BD34A02EB015107E000BF181002408F
:106990000008014000E8FFFF0021DA6A22F47002DB
:1069A0001143CC4AD96299681140814240F07A8102
:1069B0000020012560650395216D65F301012165C6
:1069C00005210290049102A8FBF7ECFE002840F09C
:1069D00065810220B146CDE9025002A8FBF7E2FE34
:1069E000002840F05B81BC480027016841F08071BD
:1069F0000160BA484760016841F001010160C820A8
:106A000002F0C6F8B64EAE20B0470020B0471020C6
:106A1000B0474020B0478120B047CF20B047A120E9
:106A2000B047C820B047A620B047A820B0473F20B5
:106A3000B047D320B0470020B047D520B0478020D2
:106A4000B047D920B047F120B047DA20B047122034
:106A5000B047DB20B0473020B0472020B0470220AD
:106A6000B0478D20B0471420B047FCF755FCAF204D
:106A7000B0474FF08050C9F810044FF08040C9F87B
:106A800010044FF00050C9F81004FCF745FCC82072
:106A9000B047A120B047A620B04792A20020002115
:106AA0001023FCF751FDFCF75BFCDFF848A2A04D7A
:106AB0009BA391A0994A95A1CAE900539D4B5546C5
:106AC000CAF8140090488AF81870CAE9077845F89F
:106AD000103FC0E90021A0F81074CAE9027001213A
:106AE000C0E90275284602F07FFB286828B1826A57
:106AF0001AB10AF11000102190478FA1032001F074
:106B0000C9FD48B101238E4A0021437200F11403EC
:106B1000C0E90533C0E907218A4D28618AA001F048
:106B200003FFDFF82C8268614FF401714046FBF7E8
:106B30001FF98848884F05F13402FCF7B9FD8748F2
:106B400005F13802FCF7B4FD854805F13C02FCF77D
:106B5000AFFD844805F14002FCF7AAFDDFF80C9276
:106B60008148834B02214A46B8478248824B022122
:106B70002A46B8478148824B6A1C0221B84781489F
:106B8000814BAA1C0221B84709F10C027FA0032106
:106B90000023B8477E4F2E694FF49E713846FBF7AD
:106BA000E7F87C487C49C7F84461C7E94C8AC7E9E3
:106BB0004F107AA001F0B8FEC7F8080107F58670FB
:106BC00078A101F0D1FC44F8048B78A1204601F0B3
:106BD000CBFC286901F024FD00F054F97AA175A2DC
:106BE000002808BF1146084601F0DAFB286901F0C9
:106BF000CFFC14207A494FF480721323009077A0C1
:106C000001F075FFA86108B101F0FEFF77490A2481
:106C100074A0C0221423009401F069FFE86108B158
:106C200001F0F2FF744972A0FCF7F2FC286208B18F
:106C300001F0EAFF73490A2470A0FCF7E9FC6862DE
:106C400008B101F0E1FF71496FA04FF40072142305
:106C50000094142401F04BFFA86208B101F0D4FFA6
:106C60006D496BA04FF4C0620623009401F03FFF12
:106C7000E86208B101F0C8FF0A2069494FF40072C8
:106C80001423009065A001F032FF286318B1654914
:106C9000A96601F0B9FFFCF71BFDFCE7FBF77EFDE1
:106CA0001C4608E0206D012240F0100020F0020098
:106CB000206554F8541F41EA02002060FBF76EFD86
:106CC000252C00088C160020DC010020FDF7E1FFD8
:106CD0000000F0FFFE0E1FFFFCED00E0001000E0E2
:106CE0007D35000848656C6C6F205254546872659D
:106CF00061642100740100207573617274315F65F5
:106D000073703832363600003807002065737038EB
:106D10003236365F776966690000000044B60008C5
:106D2000657370383236365F6D7174740000000020
:106D300018B600082CC30008657370383236360068
:106D40000100FF00000100206D715F73656D0000A0
:106D5000F81000204BC10008AD7C0008C4C1000839
:106D6000A0C100088CC0000843C10008000000203A
:106D70007140000874C10008195000087FC1000864
:106D8000717A000889C10008E540000850495200A6
:106D9000FC1400209FC0000881C00008776B5F735F
:106DA000656D0000776B5F6C636B0000636D645F03
:106DB0006D7478004D51545420696E697420737558
:106DC0006363657373210A004D51545420696E69E1
:106DD00074206661696C6564210A00006C6564005A
:106DE000955C00086F6C656400000000E17A0008A3
:106DF0006468743131000000254300086164635FFA
:106E000073656E00C53F000870697200017D00085F
:106E10006D71747400000000057700086B657900DF
:106E20005958000855560008B0B5054C054DAC4200
:106E300002D201CC8047FAE7BDE8B040FFF7AEBC14
:106E40006CC3000874C300081FB50520002403901C
:106E500001200194029001A8FBF7A4FCFBF7BAFD06
:106E6000FBF71EFD10B90448806AC46CFBF732FEC4
:106E7000A0B204B010BD00BFDC010020D2484069C0
:106E800001F061BDF0B5ADF5037D7CA001F088FA9D
:106E9000804C206848B1016B39B17E488847014673
:106EA00020B97DA001F07CFA03E0012183A001F06C
:106EB00077FAC82001F06CFE89A001F071FA904EBB
:106EC000306828B1026A1AB18D480021904790B10C
:106ED0008E4801F065FA206828B1816819B16D4CBF
:106EE0002046884778B1A44801F05AFA4FF0FF30A5
:106EF0000DF5037DF0BD834801F052FA824801216F
:106F0000C1700020F4E72068C8B1026972B1614D18
:106F10000DF10B012846904740B99DF80B107C48B5
:106F200001F03EFA9DF80B0001286AD1206830B1CB
:106F3000836923B1574803A940229847C0B17848D4
:106F400001F02EFA206870B1436963B15148754968
:106F500075A29847014638B9764801F021FAC82051
:106F600001F016FE08E00121824801F019FABDE7A0
:106F70006A4803A901F014FA6F4801F011FA624D52
:106F80002879C0B1724801F00BFA306860B14768E7
:106F900057B15B4C6F4A0126002140F25B730096AB
:106FA0002046B847002842D0714801F0F9F9002086
:106FB000A5F803009AE713AC40F2811104F13F00F9
:106FC000FAF79EFB5D4920463F22FBF771F95C49C9
:106FD00004F140007F22FAF761FB5A4904F1C00036
:106FE000FF22F9F792FC3068D8B10368CBB144486E
:106FF00013AA002198470146A0B9012028715248E0
:10700000C1E7444801F0CCF9286868B1C2685AB1B8
:10701000204801219047014638B9642001F0B8FDAD
:1070200084E701214948A0E701213B489DE74A4800
:10703000EE7001F0B5F92068D8B1C568CDB1474A06
:10704000FCF7DAFA2068A0B1C56895B1444AFCF7AC
:10705000D3FA206868B1C5685DB1424AFCF7CCFA42
:10706000206830B1C46824B125483F4A002101237B
:10707000A0473E4801F094F943E700BF526573749E
:10708000617274696E6720455350383236362E2E41
:107090002E0A00003807002045535038323636207B
:1070A000726573746172746564207375636365736C
:1070B0007366756C6C79210A0000000045535038E6
:1070C0003236362072657374617274204641494CC1
:1070D00045442120286572726F723D2564290A009B
:1070E000436865636B696E67204D51545420636F2C
:1070F0006E6E656374696F6E2E2E2E0A000000009E
:107100007401002028B9000800010020D2BB00084B
:1071100041B9000864BB000889B900086DBA0008CD
:1071200085BB00085DC2000831323334353637384C
:107130000000000017B9000850BB00086CA300084D
:10714000ACA30008C1C00008F4B80008AEB900083C
:10715000A8BB000815C2000806B90008E1C2000873
:10716000AAC2000879C2000828C20008E2B80008D4
:107170008FBD0008CEB90008C9B8000870B592B03C
:1071800006461148C07801281BD10DF107050C46B1
:10719000312105F10F00FAF7B3FA28463146FCF722
:1071A00045FA01208DF847003CB105F11000214659
:1071B000FCF73CFA02208DF847000DF1070000F0C3
:1071C000E9FB12B070BD00BF000100202DE9F04FB7
:1071D0009FB0DFF85084DFF84854DFF84CB440F239
:1071E000FF394FF0000A08F124000890286901F0E7
:1071F00017FAD8F80C4094F81409A8B1B4F8126939
:1072000004F2125158464E4528BF4E463246FBF70F
:107210004FF828690BF806A084F814A9A4F812A95D
:1072200001F0B6F916BBF8E1B4F91004B0F1FF3F74
:1072300000F3F081F9F734F8D8F80C4006465846C8
:10724000B4F8107404F110016FF3DF374F4528BF15
:107250004F463A46FAF722FA3046A4F810A4F9F756
:1072600023F828690BF807A001F092F9DFF8BC13A6
:107270005846F9F77EFA0028B8D00646DFF8B00382
:107280008021FAF775FDDFF8AC034FF48071FAF74F
:107290006FFD08982021FAF76BFD3046FCF7A2F944
:1072A0000028A3D0471C22213846F9F758FA0028B5
:1072B0009CD00646C01B4FF680717F24084208BF51
:1072C00084B2DFF86C033946FCF7BDF900F804A07E
:1072D000701CFCF7CDF900283FF488AF471C3846F6
:1072E000F9F730FA064680B210B1B0F5807F00D9C8
:1072F000FF263846FCF7BCF900283FF477AF411C65
:10730000B4B2CC48FCF79FF9CB4900F804A0F9F7D8
:1073100030FAC74E18B3FCF7A8F900B3821C411C21
:10732000087840F00203222B04D101320131F7E743
:1073300012F8010BC0B228B1222803D02C2801D0AA
:107340007D28F5D1501E4FF6E0721F24401A1042DE
:1073500008BF84B20898FCF776F900F804A0B74992
:1073600030463122F9F717FA20B3B54930463822B2
:10737000F9F711FA00283FF439AFAD4CB1A0FCF792
:107380006DF9AC4EB4A0314601F00AF8B749204679
:107390003122F9F700FA002800F0EC80B4492046C9
:1073A0002922F9F7F8F900287FF420AFB1A000F006
:1073B000F7FF1BE79F4CB8A0FCF750F9BA4E301D01
:1073C000059001F02DF9D6F800B0BBF1000F00F0E8
:1073D000D3802046B5A1F9F7CCF9002800F0CE8083
:1073E0007B21F9F7BCF90028079000F0C780002046
:1073F0000024049006909BF80002844280F0C38031
:107400000BEB441819AE1821ABA230464346F8F7EF
:10741000DFFF07983146F9F7ACF9002800F0A880A3
:10742000064619A8F9F707FA3044FCF71EF90028B8
:1074300000F09E800746384617F8011F2029FAD031
:10744000222930D07B2938461DD138469CA1F9F736
:1074500090F930B938469CA1F9F78BF9002800F073
:107460008780FCF702F9002800F0828001460B4675
:1074700011F8012F202AFAD0222A08460AD19F1C8F
:1074800012E010F8011FC9B299B12C2911D07D2941
:10749000F7D10EE0D2B27AB32C2A2DD07D2A2BD090
:1074A00010F8012FF6E7871C3846FCF79BF80028F8
:1074B0005ED0C01B4FF6C0713F26084208BF86B29F
:1074C00009A839463246F9F720FA00F806A05846CE
:1074D000414600F0D5FB00284AD08146007C0328B5
:1074E00003D8DFE800F00245122109A8F9F72AF9CC
:1074F000D9F81410086025E0401A4FF6C0723F26F4
:10750000104208BF86B209A8DCE7704909A8052225
:10751000F9F741F990B1BDF8240031280ED0D9F81F
:10752000140080F800A00DE0D9F8140009A9FCF7B8
:107530007DF8D9F8140080F80FA003E0D9F8140002
:1075400001210170D9F81C30012089F8180063B1BD
:1075500099F81020D9F814104046984728B1069899
:1075600001300690FF20049002E00698013006905A
:10757000013440E744A044E0FF2000E0FE20DFF8B3
:10758000A8B0002105E0DFF89C80DFF89CB00698E9
:10759000049940F2FF394CB2C82746B24C48002C3F
:1075A00048BF40F2F51731462246002E48BF4FF43F
:1075B000FA773B4600F0F4FE059800F0E9FF2869F1
:1075C00001F02EF8474843A1002C48BF084646A1C9
:1075D000002E48BF0846D8F8001061B1CC6954B1FC
:1075E0000899444A444B02904046CDE900170021D7
:1075F000A047064600E00126286900F0C9FF26B131
:107600003E48314600F0CCFEF0E53D48394600F0FA
:10761000C7FEEBE5286900F0BBFF1FB0BDE8F08FA7
:10762000000100207401002094170020ADC0000864
:10763000941C0020941B002077C00008AAC20008F8
:10764000E1C200085B6D7174745D20746F706963D2
:107650003D25730A000000005B6D7174745D20703D
:1076600061796C6F61643D25730A000079C200087E
:1076700028C200085B6D7174745D204F544120690D
:107680006E666F726D0A00004F6E654E657420471E
:1076900045543A2025730A005B6D7174745D205364
:1076A00045543A2025730A00DC01002022706172E3
:1076B000616D73220000000022257322000000008B
:1076C0002276616C7565220022762200FBC10008DB
:1076D000F7BC000863616C6C6261636B5F6572721A
:1076E0006F720000D8C1000870617273655F6572C7
:1076F000726F720081C000089FC00008EFB90008D7
:1077000068B9000896B04FF4FA6001F041FA7F487A
:107710007F490022C068C0F81819C0F81C297DA054
:1077200000F03EFE8A4EDFF80CA206F5867703973E
:10773000FFF74CFDDAF814404FF4FA600590F8F7C3
:10774000AFFD8046A08B38B10138A083FBF751FF15
:107750009AF8030080BB31E0DAF860900020C9F8A5
:10776000300004F114004946627AFCF746FB09F147
:10777000440505A9284601F07CFA284601F084FA60
:10778000FBF737FF01F022F8D9F830100029DFD0DD
:107790009AF803000231DDD180B9DAF8100000F068
:1077A0003FFFFFF76FFB10B963A000F0F9FDDAF8B7
:1077B000100000F0EDFE01E0FFF708FD384600F094
:1077C0002FFF96F80451002D00F09C8005A831464B
:1077D0004122F9F763FF00242846C2B2E1B2013A20
:1077E0008A420BDD01EB81104122304400F141015E
:1077F000FAF75EFD96F804010134EEE7013886F8E9
:107800000401384600F0C4FE002D91D051484FF4D9
:10781000D8710495FAF7ACFA9DF85400D6F8307197
:1078200000244FF0000B4FEA00195FFA8BF8A145D6
:1078300037D017B305A80119384600F021FAE0B196
:10784000824644486C2108FB01052846FAF790FA65
:1078500005F1200051463F22F9F757F89AF8101029
:10786000032985F8681004D80020DFE801F002172A
:107870000810DAF81400006807E000200EE0DAF8DB
:1078800014000078002818BF0120286605E0DAF807
:10789000141028461F22F9F738F8012083441034C9
:1078A000C3E7DFF890A0039F5FEA0B6025D0D6F80E
:1078B000440108B100F0B4FED6F8340178B1016893
:1078C00069B18C695CB1234DD6E94F2396F8381124
:1078D000CDE9005820A50295A047054600E0012506
:1078E000D6F8440108B100F053FE15B11BA029469B
:1078F00001E021A0414600F053FD049800287FF4E8
:107900005BAF15E7384600F043FE11E77401002035
:107910007D6E00085B6D7174745D20556E696669DB
:107920006564207468726561642073746172746543
:10793000640A0000000100205B6D7174745D2052C8
:1079400065636F6E6E6563746564210A00000000F4
:10795000FC1400202044002030303100576F726B3F
:1079600065723A20504F5354204641494C202865B7
:1079700072723D2564290A00576F726B65723A2056
:10798000504F5354204F4B202825642070726F7045
:1079900073290A002DE9F04178B11D4C064604F523
:1079A0008678404600F03CFE94F80401042806D393
:1079B0004046BDE8F04100F0EBBDBDE8F081B0B15C
:1079C0000025374696F84000854218D294F84000CA
:1079D000032809D804EB00103946FBF727FE94F87A
:1079E0004000013084F8400010370135EAE72046B6
:1079F00031464122FAF75CFC012084F8040140463C
:107A000000F0C6FDD4F80801BDE8F04100F09BBFCE
:107A1000FC14002070B50AA000F0C2FC0F4D11A4A8
:107A2000AE6CE86C864205D2F6E80312204600F000
:107A3000B7FCF6E70A4800F0B3FC002070BD00BFB9
:107A400052542D546872656164207368656C6C20B3
:107A5000636F6D6D616E64733A0A0000000100206F
:107A600079BF0008252D313673202D2025730A009B
:107A700080B509784FF08040074A012908BF4FF4CC
:107A800080401060064A0548002908BF024605A04C
:107A900000F086FC002080BD100C014057C100089A
:107AA00078C100084E4542554C495A4552206368FA
:107AB000616E676564202D3E20256420282573298A
:107AC0000A000000B0B56FF0070504A425B12046F8
:107AD00000F066FC0135F9E7B0BD00BF2D000000E5
:107AE000564D5B4EDFF894B14FF00A084FF067092E
:107AF000FBF736FC4FF4FA7001F04AF8FBF70CFC88
:107B000000200021002210230027A8471220002176
:107B100001221023A8472420002102221023A84775
:107B20003620002103221023A847482000210422E8
:107B30001023A8475A20002105221023A8476C20B3
:107B4000002106221023A847082010213CA2102360
:107B5000B047142020213FA21023B047002030213D
:107B60003FA21023B0473F2030213FA21023B0474F
:107B70003F4C3020302110232278FBF721FC207865
:107B80000130C1B27E2988BF20205FFA80FA2070C0
:107B9000F8B202281CD8C7F102000121020604D065
:107BA00001EB810101384900F8E7BAFBF1F010233D
:107BB000B0FBF8F101EB8101A0EB4100302140F076
:107BC000300209EBC700C0B2FBF7FAFB0137DFE771
:107BD000284CA047284F4FF4FA70B847FBF79CFB9E
:107BE0000020002100221023A8471020002100229D
:107BF0001823A8471820142100222023A84740203A
:107C0000002100224023A847A0474FF4FA70B8474C
:107C1000FBF782FB002000215A460823B0470020D2
:107C200008215A460C23B047002014215A4610233D
:107C3000B047A0474FF4FA70B84759E791340008AD
:107C40005A484F4E474A494E475955414E00000049
:107C500049350008323031342F30352F30310000B3
:107C600041534349493A0000434F44453A0000001C
:107C70009800002061330008918B0008BDC0000807
:107C800070B50C4690F800124D1C013D04BF002059
:107C900070BD214600F12006F8F762FE002830464C
:107CA00004BFA6F1200070BDEFE7000028B32DE966
:107CB000F8431446FAB10746104890F800520F2DC9
:107CC00019D8DFF83880894639461E464046FFF706
:107CD000D7FF80B908EB45103946FBF7A7FC002118
:107CE000C661446180F810900176C17398F8000273
:107CF000013088F80002BDE8F8437047F810002012
:107D000098B040F2DC5000F043FF07A8324E0F302D
:107D1000069041A0D0E90112CDE904218189807B40
:107D2000029042A00391D0E90151878990F80E801A
:107D30002AA0D0E9019AB0F80CB0847B01911C48CC
:107D40000068C0050DD429A000F02AFB3248F0607D
:107D50000598306104987061039830830298B0767A
:107D60000AE014A000F01CFB1C4806F10C01A6F868
:107D700018B0B47681E801062B48C078012812D1EA
:107D800006983121F9F7BCFC0120ADF828708DF878
:107D90002A808DF85C002548CDE9070501980990F7
:107DA00007A8FFF7F7FD40F6B83000F0F1FEC6E790
:107DB000080801405049522053656E736F723A2093
:107DC0004E6F7420646574656374656420284E6F1B
:107DD000206F6E65290A0000000000206E6F745F3E
:107DE0006465746563746564000000005049522046
:107DF00053656E736F723A2044657465637465648D
:107E0000212028536F6D656F6E652069732068654A
:107E10007265290A00000000646574656374656416
:107E20000000000000000000000100205049520046
:107E30000000000000000000000000002DE9F04FED
:107E400088B0DDF84CE05FA64FF0300B94465FEA57
:107E50004E6457A458BF26465FEACE6448BF2EF052
:107E6000010E5FEACE7408BF4FF0200B5FEA8E74FC
:107E7000DDE9114905D400224FF00108019200927A
:107E80001BE0BCF1FF3F07DD5FEA4E750FD45FEAF0
:107E90000E75F0D520220BE00122CDF80CE0CCF1DC
:107EA000000C0192002202922D2200920AE02B2265
:107EB00000924FF0000801220192BCF1000F20D087
:107EC000CDE9028E00270A250DF11008BCF1000F44
:107ED00013D0BCFBF5F20CF00F0E0A2B02EB820A5A
:107EE00008BFACEB4A0E16F80E4008F8074018BF62
:107EF0004FEA1C1201379446E8E7DDE9028E119C37
:107F000003E0302201278DF810204F454B46C8BFB3
:107F10003B46E21A1EF0110F10D10024002AC8BF00
:107F20000124019D2C402025121B012A05DB8842DB
:107F300038BF0570013A0130F7E7013AB8F1000F98
:107F400005D188423CBF009C04700130013A5FEAD1
:107F5000CE6409D4012A06DB884238BF80F800B01D
:107F6000013A0130F6E7013A30259F4205DA8842AE
:107F700038BF0570013B0130F7E704ABB9F1000FE2
:107F800010D0002F0EDD884203D2DC1914F8014C0A
:107F90000470013F0130F1E788423CBF20230370A9
:107FA000013A0130012AF7DA08B0BDE8F08F00BFCE
:107FB000303132333435363738396162636465665F
:107FC0000000000030313233343536373839414221
:107FD00043444546000000000148024901607047E3
:107FE0000CED00E00400FA05002842D0F8B5044684
:107FF000FBF7ECFE214651F80C0D20F00100D0F803
:1080000030C0086061453CBF01638C46826A54F809
:10801000085C076AAE188B1B3B44036212D03378AE
:10802000DB070FD1C36A9E420CD0B44504BF016385
:108030008C467568002333608B1A44F8085C7668B8
:108040001644B36054F8046C97198F420DD03B78F6
:10805000DB070AD18C4508BF07637D60002044F828
:108060000C0C54F8080C10448660BDE8F840FBF78F
:10807000B5BE70470446016C7148724DA847616AED
:108080007148A847A16A7148A847E16A7048A847A3
:10809000216B7048A84761686F48A847A1686FA026
:1080A000A847E16871A0A847216974A0A847616941
:1080B00076A0A847A16979A0A847E1697BA0A84755
:1080C000216A7EA0A847616B80A0A847A16B83A00E
:1080D000A847E16B85A0A8472078400703D48948CA
:1080E00000F05EF906E08548016E854800F058F919
:1080F000FEF7A0F9844C6068800702D5834800F041
:108100004FF96068400040F19280607888B3804801
:1081100000F046F961787F4800F042F96078C007C6
:1081200002D07D4800F03CF96078800702D57B489A
:1081300000F036F96078400702D5794800F030F950
:108140006078000702D5774800F02AF96078C00609
:1081500002D575A000F024F994F90100B0F1FF3FB9
:1081600003DD744800F01CF903E02169704800F059
:1081700017F9207858B3704800F012F921786F4849
:1081800000F00EF92078C00702D06D4800F008F921
:108190002078800702D56B4800F002F920780007AC
:1081A00002D5694800F0FCF82078C00602D567487F
:1081B00000F0F6F894F90000B0F1FF3F03DD5D48F0
:1081C00000F0EEF803E0E168614800F0E9F860884B
:1081D00068B3604800F0E4F861885F4800F0E0F8B8
:1081E0006088C00702D05D4800F0DAF86088800738
:1081F00002D55B4800F0D4F86088400702D55948A2
:1082000000F0CEF86088000702D5574800F0C8F8A3
:108210006088C00502D5554800F0C2F86088800526
:1082200002D5534800F0BCF8424800F0B9F8606845
:10823000B0F1FF3F02DC4F4800F0B2F8FEE700BFAC
:108240006EBF0008A18300082DBF00083ABF0008D8
:1082500047BF000854BF000861BF00087230353ABC
:10826000203078253038780A000000007230363A25
:10827000203078253038780A000000007230373A14
:10828000203078253038780A000000007230383A03
:10829000203078253038780A000000007230393AF2
:1082A000203078253038780A000000007231303AEA
:1082B000203078253038780A000000007231313AD9
:1082C000203078253038780A000000007231323AC8
:1082D000203078253038780A00000000206C723A8F
:1082E000203078253038780A000000002070633A8A
:1082F000203078253038780A000000000001002086
:10830000ACB8000892B8000828ED00E0BBBD00083A
:1083100022BC00080DC00008F8BF0008EDBF00082F
:10832000EBBF0008E1BF000853544B4552522000F8
:10833000B6BC000879BF000801BC000823C00008D3
:10834000BCBF0008B2BF0008E0BF0008D7BF0008EC
:10835000C6BC000814BC000839C0000801C00008F1
:10836000A8BF000896BF0008D1BF00089DBF000845
:10837000C6BF000816BF000810B50649064B074CDB
:108380000A681B68B3FBF4F358430B689B1A8342DB
:10839000FBD310BD041000E01C00002040420F0081
:1083A00083B0FCB5054607A8174C0EC007ABFF21EC
:1083B0002A462046009300F0C5FC1449002081F8AD
:1083C00040000D218DF80710215C01300029FBD100
:1083D0000E4D471E0DF107068FB120780A2805D1F2
:1083E0002846314601220123FAF70AFF2846214692
:1083F00001220123FAF704FF013F0134ECE7BDE855
:10840000FC4003B0704700BF1C410020D416002080
:1084100001464FF0FF300A46126801308A42FBD114
:10842000704700002DE9F0410446FBF7CFFC64B132
:10843000E548D0F858E0E01C20F003050C2D98BF6B
:108440000C25DEF834C0AC4505D20024FBF7C6FC91
:108450002046BDE8F081DEF82810DEF83080ACEB75
:108460000504A8EB0107A742EFD83E46CB19885D6B
:108470005F68C007F7D106F10C003A1AAA42F2D39E
:1084800005F11804A24205D2DEE90824B81B104405
:10849000844214E005F10C0405442EF001000CF1B7
:1084A0000C024851481947605D6086604068904200
:1084B0001CBF08448560DEE9080220448242CEF8F1
:1084C000200001D2CEF824004EF001001860434590
:1084D0000ED109E0DEF82C00804509D0D8F8040060
:1084E00001EB0008CEF8308098F80000C007F1D109
:1084F00003F10C04AAE700BF10B5814209D28B1822
:10850000834206D90139431E5AB18C5C9C54013A0E
:10851000FAE703462AB111F8014B013A03F8014B7F
:10852000F8E710BD10B5042A15D310F0030312D1DB
:10853000CBB24FF001345C4303460F2A08D9C3E99C
:108540000044C3E90244103A1033F6E710C3043A7A
:10855000042AFBD204E0034602E003F8011B013ABF
:10856000002AFAD110BD000010B50A4603210446C6
:1085700000F0F0F8054A002004F11401C4E90511E7
:10858000C4E907200120607210BD00BF0100FF0098
:1085900070B50546E348066EF7F782FE0446286A82
:1085A000864203D04FF0FF30306304E0E87F0138AB
:1085B000E877000604D02046BDE87040F7F774BEA7
:1085C000294696F8352011F81E0F904202D0304609
:1085D00000F071FA294651F8140F884213D0A0F127
:1085E0001401296290F82110A977E97FFF29E2D0D0
:1085F0000131E977FBF7FEFB2046F7F755FEBDE8B2
:10860000704000F0E3B8A88B4FF6FF718842D2D0DB
:10861000002101302962FF21A883A977CBE700BFA1
:1086200070B50546BF48066EF7F73AFE04460020CF
:108630003063286AB04207D0A98B79B1481E2E62F8
:10864000A88396F83500A877E87FFF281CBF013083
:10865000E8772046BDE87040F7F726BE314690F82F
:10866000353011F8352F9A4238BF00F024FA6A7A73
:1086700005F114003146FBF7C0FB2046F7F714FE66
:1086800000F0A4F8306B00B170BDF7F709FE0446A6
:10869000DFE700BF2DE9F0410E46074600F046F83F
:1086A0000546C068FFF7BEFE0446C8B1EA6820462A
:1086B00000214FF00008FFF735FF3146082284F80B
:1086C0000980277200F0E0F9F7F7EAFD55F8041F7A
:1086D000224642F80C1F4A602A605560F7F7E4FD15
:1086E0002046BDE8F08110B5FAF7EDFF224621697A
:1086F00052F80C3F5960216922610B601260F7F754
:10870000D3FD2046BDE81040FFF76EBC10B5FAF768
:10871000DAFF54F80C1F62684A6062681160C4E9AD
:108720000044BDE81040F7F7BFBD000008496FF0F6
:108730007F0212F1100304BF002070470A4492F830
:10874000802082421A46F4D1C8187030704700BFAA
:10875000200000202DE9F0410446084690460F46CF
:10876000FFF7E4FF0546F7F79BFD6E4EF1890131F7
:10877000F181F7F799FDF7F793FDF1890139F1815F
:1087800009B2002902DDF7F78FFD07E00021F18132
:10879000F7F78AFD306E08B100F018F847F0800056
:1087A000414608222072204600F06EF9F7F778FD66
:1087B00055F8041F44F80C1F4C602C606560BDE840
:1087C000F041F7F771BD00BF00010020F8B5F7F7E1
:1087D00067FD544F0446F88920B12046BDE8F840B3
:1087E000F7F762BDF86D0028F7D06846FBF72AFB63
:1087F0003D6E064695F8340000F0070103290DD1BF
:1088000095F83510009A8A4203D803070AD48A42A1
:1088100008D100F0F70085F8340020E0AE421ED009
:108820003E6609E000F0F700AE4285F8340016D04D
:1088300028463E6600F022F8304600F051F896F8DF
:10884000340006F11C0100F0F800033086F8340013
:1088500005F11C007A7A72B1F7F729FDBDE72846C9
:1088600000F03EF8386E90F8341001F0F801033152
:1088700080F83410B1E7F7F71AFDAEE7B0B504465B
:10888000F7F70EFDEA4994F834500B6E05F0F80244
:10889000A34213D042F00102214B2D0784F834206B
:1088A00094F8352003EBC20204F114030BD41568CD
:1088B00065616B60136004F1180308E042F0030186
:1088C00084F8341008E05568A5612B6053601A6085
:1088D000A26BCB6D1A43CA65BDE8B040F7F7E4BCA4
:1088E00010B50446F7F7DCFC214651F8142F4B680D
:1088F00053604B681A60C1E9001191F82110084AD1
:1089000002EBC10352F83110994205D1C84AA16B5C
:10891000D36D23EA0101D165BDE81040F7F7C4BC6F
:108920001C4200200001002080B501460220FFF714
:10893000B1FE38B1002181830121417200F114019F
:10894000C0E9051180BDF8B50646F7F7A9FC374622
:10895000044657F8145FBD4203D02846FBF74AFA95
:108960000BE0B08B4FF6FF71884204D12046BDE882
:10897000F840F7F799BC0130B0832046F7F794FC34
:10898000BD4208BFF8BDBDE8F840FFF71FBF0000BB
:108990001CB50948094CA04709A0A04711A014A183
:1089A00001220123CDE9001014A00421A0471CA03E
:1089B0002146BDE81C400847F8BB0008A183000819
:1089C0002D205254202D20202020205468726561D3
:1089D00064204F7065726174696E67205379737497
:1089E000656D0A0031353A31343A34340000000004
:1089F0004A756E202035203230323600202F207C00
:108A0000205C202020202025642E25642E25642033
:108A10006275696C642025732025730A00000000CC
:108A20002032303036202D203230323220436F70E9
:108A30007972696768742062792052542D54687283
:108A4000656164207465616D0A00000082B0E0B564
:108A5000CDE9042304AB05A24FF0FF31019300F0F0
:108A600071F9BDE88C4002B0704700BF7469646C56
:108A70006525640003780A7823B1934202D101315D
:108A80000130F7E7981A70476AB1B0B5034604465B
:108A90000D7804F8015B3DB1013A01F10101234673
:108AA000F6D1BDE8B0407047012100248A42F8D0D9
:108AB0005C540131FAE770B50E460546F7F7F0FB56
:108AC000044695F8340000F00700012808D1284634
:108AD000FFF706FFFAF7BAFD2846FFF7CFFE01E0E1
:108AE000FAF7B4FD2046BDE87040F7F7DDBBFEB5F0
:108AF0000E46014601201F461546FFF7CBFD88B103
:108B000004462846FFF78EFC48B1024608983146D5
:108B10002B46CDE900702046FBF7EEF903E0204636
:108B2000FFF7E1FD00242046FEBD0000DFF85C8079
:108B30000020042825D1D8F80060464523D0F7F757
:108B4000AFFBD6E900124A6072681160C6E90066A0
:108B5000F7F7AAFB16F90C7CF56DA6F11404B7F132
:108B6000FF3F02DC2046FFF7D1FD0DB12046A847AC
:108B7000002FE0D47069FFF737FA2046FFF7B3FD06
:108B8000D9E70130D5E70020D3E700BF90000020EF
:108B9000F8B540EAE07000905C48046EF7F780FB9F
:108BA000054600272046276300F044F804F14406F8
:108BB0006946304600F05DF8304600F065F828461A
:108BC000F7F772FBFFF702FE206B023008BF276346
:108BD000F8BD00BFB0B5044690F8340000F00700BF
:108BE000022818BFB0BDF7F75BFBFAF790FD04F160
:108BF0004400096000F08CF82046FFF73FFE28464D
:108C0000BDE8B040F7F750BB80B50221012280F8E3
:108C1000341090F8351002FA01F18163FFF7DAFFA2
:108C20003A48006E18B1BDE88040FFF7CFBD80BD67
:108C300000010020B0B5044690F8340000F00500B3
:108C4000012818BFB0BDF7F72BFB05462046FFF7FC
:108C500047FE94F8340000F0F800023084F8340045
:108C600004F1440000F054F82846BDE8B040F7F79E
:108C70001BBBB0B50C460546F7F712FB21686962CD
:108C8000BDE8B040F7F710BB2DE9F0418046F7F79B
:108C900007FB4146DFF874E051F8142F0EF16C0722
:108CA0004B6853604B681A60DEF854200B6909600A
:108CB00011F80BCC9D1801226FF000434D61DEF8D6
:108CC0007040D2070ED0A74209D03E463F687A696D
:108CD000521BF8D09A42F6D200223746F1E7002222
:108CE0002746EEE73A68C8F8142051604CF00102BC
:108CF0003960C8F8187088F80920DEF8642001325D
:108D0000CEF86420BDE8F041F7F7CEBA00010020AC
:108D100010B50446407AC00708BF10BDF7F7C0FA87
:108D200054F8141F62684A606268116014F80B1CE2
:108D3000C4E9004401F0FE0104F80B1CBDE810403A
:108D4000F7F7B2BA2DE9F04F87B0451899460646B5
:108D50000DF1180A4FF0200B06920491002948BF2C
:108D60004FF0FF3505901078252807D0002800F037
:108D70002481AE4200D23070013609E1511C4FF01F
:108D80000008084610F80129202A09D0232A09D012
:108D9000302A09D02D2A09D02B2A0CD1042006E034
:108DA000082004E0202002E0012000E0102048EA32
:108DB00000080131E5E7A2F130030691092B05D83F
:108DC000504600F033F9069904460EE02A2A0AD1EB
:108DD000811C069159F8044BB4F1FF3FDCBF48F009
:108DE0001008644201E04FF0FF340B782E2B0BD1BA
:108DF0004A1C06924878A0F13003092B07D8504648
:108E000000F014F906990CE04FF0FF3C0CE02A2822
:108E100004D10231069159F8040B02E04FF0FF3003
:108E200011460B7820EAE07C43F004006C2805D161
:108E3000481C9E4606904F78014602E04FF0000E17
:108E40001F46A7F16F0009280BD9252F44D0582FB2
:108E500047D0692F18BF642F0DD148F002080A23AC
:108E600042E00A23DFE800F005175B5B2B5B405B09
:108E70005B3F082338E0632F51D15FEAC86000F1FF
:108E80008C80022CC0F28880AE4238BF86F800B0D9
:108E9000013C0136F5E7601C59F8042B08BF082493
:108EA0002946CDE9004CB0FA80F01023400940EA91
:108EB0000800C0B202903046FEF7C0FF67E059F8E4
:108EC000041B46A0002908BF014600239C4233D062
:108ED000C85C90B30133F9E7AE42BFF44DAF252033
:108EE00049E748F040081023BEF1680F04D0D9F8D4
:108EF0000020BEF16C0F05E0B9F800205FEA887031
:108F000048BF12B25FFA88F02946CDE9004C0290C2
:108F10003046FEF793FF064609F1040938E0AE42F9
:108F200003D22520307006990F78701C6FB3A842C9
:108F300038BF077002362BE0234663451A46C8BF88
:108F40006246BCF1000FD8BF1A465FEAC86009D478
:108F5000A24206DAAE4238BF86F800B0013C0136C4
:108F6000F6E7013C0023F01893420BDAA8423CBF1D
:108F7000CF5C07700133F6E7A84238BF80F800B035
:108F8000013C0130A242F7DB01E0013906910646BF
:108F90000698421C0692E6E6013CAE423CBFD9F878
:108FA0000000307009F104090136022CF0DBAE42FA
:108FB00038BF86F800B0013CF6E70498059A00280F
:108FC00048BFD04328B1AE42304628BF681E0021BA
:108FD0000170B01A07B0BDE8F08F00BF284E554CA5
:108FE0004C29000000207047002070470020704787
:108FF00000207047F8B5044609A50BA607463F6850
:10900000A74208BFF8BDA7F1140228460821FFF7C0
:10901000C7F93868A042F2D03046FFF7C1F9EEE751
:10902000252E2A73000000002F0000000268002196
:109030001378303B092B84BF08467047531C01EB63
:1090400081010360127802EB41011A463039EFE7E3
:1090500010B50469002C4AD0FAF714FB20F4F07024
:1090600041E80302002AF7D1FAF7AAFAFCD1206BF3
:10907000012802D1FAF7DDFAFCD120684069000628
:1090800014D5206850E8050F216820F0800041E8E1
:109090000502002AF5D1A06B40B100214163F9F728
:1090A00033FD18B1A06B806B202811D02068406977
:1090B000400611D5FAF77AFAFCD1E06B60B10021D5
:1090C0004163F9F721FD38B1E06B806B202803D1B3
:1090D00010206064002010BD00202021E084E08585
:1090E000606484F8421084F84110206310BD0420AD
:1090F00010BD82B00069A0B110290AD0082910D192
:109100000021019100680168019140680190019877
:1091100007E000210091006801680091406800901C
:10912000009802B07047000010B50469FCB124201B
:1091300084F841002068C16821F40051C1601849D9
:10914000884216D0174988421FD11748016821F478
:109150008041016015484FF4C061F9F7F7FC1448ED
:1091600020210160BFF34F8FBFF36F8F0DE004200C
:1091700010BD0D48416821F4802141600B484FF437
:10918000406100F58060F9F7E1FC0020606484F83C
:10919000410084F84200206384F84000606310BD01
:1091A000004800400038014018100240000801400B
:1091B00084E100E00069B0B1012908D0102909D08C
:1091C00004290AD002290ED16FF0800107E06FF068
:1091D000200104E06FF0100101E06FF04001006831
:1091E000C2681140C1607047006990B1012907D081
:1091F000102907D0042907D002290AD1802104E0D0
:10920000202102E0102100E040210068C2681143E3
:10921000C1607047006918B100684068002070475D
:109220000420704710B5026962B14B1E0020072B65
:109230000AD82021DFE803F00F04140C1414140ED4
:10924000802108E0002010BD102909D1102102E082
:10925000402100E0082110680068084018BF012084
:1092600010BD0069B0FA80F04009800070470069C5
:1092700010B10068406800E00020C0B2704700698B
:1092800028B121B11AB180B5F9F768FF80BD04207B
:109290007047036923B319B312B393F8420020282F
:1092A0001AD110B500241C63DA855C64996222210E
:1092B0009A8583F842101A6919681AB1CA6842F48B
:1092C0008072CA604A6942F001024A61CA6842F08B
:1092D0002002CA60BDE81040203818BF0120704746
:1092E00004207047006928B121B11AB180B5F9F79F
:1092F00087FF80BD042070470069D0B1C9B1C2B1F9
:1093000090F84130202B0FD110B50024C284446462
:10931000212480F84140828401620068C16841F0E4
:109320008001C160BDE81040B3F1200018BF0120EA
:10933000704704207047006908B1006841607047B9
:1093400080B5FFF725FB002080BD000010B5044666
:10935000B0F91004B0F1FF3F0EDC81B26FF3DF31E2
:1093600051B104F11000002242540549F7F701FA07
:1093700010B1204600F025F80020A4F8100410BD1C
:10938000ADC0000882B0BCB500F21244CDE906239E
:1093900006AA054620460192F7F708F82046F7F797
:1093A0004AFA0146E86840B1026832B1956825B1D1
:1093B0008AB221464FF0FF33A847BDE8BC4002B057
:1093C0007047B0B5B0F91054B5F1FF3F00DDB0BD46
:1093D0006FF3DF35002DFAD0B5F5806F28BF4FF45D
:1093E0008065044600F1100100F212502A46F8F799
:1093F0005FFF0120A4F8125984F81409B0BD5FEA98
:10940000400C08BF91F0000F4FEA8C234FEAC122B5
:1094100043EA51514FEA1C5018BF00F5F0404FEAA3
:10942000300018BF41F000415FEA6C5C00F0298019
:10943000BCF1FF3F08BF40F080407047130C06BFEF
:1094400012044FF0100C4FF0000C130E04BF120268
:109450000CF1080C130F04BF12010CF1040C930F54
:1094600004BF92000CF1020CD30F04BF52000CF1A8
:10947000010C11464FF00002A0F11F00A0EB0C0000
:10948000704711F0004F08BF704731F000413FF4C2
:10949000D5AF0B0C06BF09044FF0100C4FF0000CB9
:1094A0000B0E04BF09020CF1080C0B0F04BF0901DD
:1094B0000CF1040C8B0F04BF89000CF1020CCB0FD4
:1094C00004BF49000CF1010CCCF1200322FA03F394
:1094D00041EA030102FA0CF2A0EB0C0000F10100DA
:1094E0007047000023F07F4720F07F4C80EA0300A4
:1094F00000F00040ACEB070303F57C5303F1FF03DE
:109500002DE9804909B44FEA144324EA03484FEA9D
:10951000154B25EA0B4E0FF2042606EB13273E7877
:1095200003FB0667C7F5000707FB06F64FEAD646BA
:1095300006F102064FEA543707FB066CCCF1005CDB
:109540004FEA1C472CEA074C0CFB06F507FB06F418
:1095500004EB15464FEA961649085FEA320234BF1B
:1095600000204FF000404FEAD13706FB07FC4FEADE
:109570001C4C0CFB0BF7D21B03FB0CF761EB070138
:109580000CFB0EF7B0EB074072EB17420CFB08F731
:1095900034BFA2EB0742B2EB074261EB17414FEA3F
:1095A0000C444FEA910706FB07FC4FEA1C4C0CFBEE
:1095B0000BF7B0EBC74072EB573203FB0CF734BF2D
:1095C000A2EBC742B2EBC74261EB57310CFB0EF77F
:1095D000B0EBC70072EB57720CFB08F734BFA2EB7D
:1095E000C702B2EBC70261EB57714FEA816141EAF2
:1095F00092114FEA826242EA90124FEA806004EBD5
:10960000CC04039F4FEAD13706FB07FC4FEA1C4C02
:109610000CFB0BF7D21B03FB0CF761EB07010CFBF8
:109620000EF7B0EB074072EB17420CFB08F734BFA4
:10963000A2EB0742B2EB074261EB17414FEA8C55B0
:1096400004EB9C244FEA910706FB07FC4FEA1C4CF5
:109650000CFB0BF7B0EBC74072EB573203FB0CF778
:1096600034BFA2EBC742B2EBC74261EB57310CFBF0
:109670000EF7B0EBC70072EB57720CFB08F734BF64
:10968000A2EBC702B2EBC70261EB57714FEA8161EF
:1096900041EA92114FEA826242EA90124FEA8060F8
:1096A00015EB4C2544F100044FEAD13706FB07FCCB
:1096B0004FEA1C4C0CFB0BF7D21B03FB0CF761EBC6
:1096C00007010CFB0EF7B0EB074072EB17420CFBE7
:1096D00008F734BFA2EB0742B2EB074261EB174138
:1096E0004FEA813141EA92414FEA823242EA9042A6
:1096F0004FEA80304FEA0C7615EB1C1544F100045C
:1097000048EA03434EEA0B484FF0000EB2EB080C58
:1097100071EB030724BF624639464EEB0E0E4FF045
:10972000000B0018524149414BEB0B0BB2EB080CFC
:1097300071EB03077BF1000B24BF624639464EEB09
:109740000E0E4FF0000B0018524149414BEB0B0B32
:10975000B2EB080C71EB03077BF1000B24BF6246F0
:1097600039464EEB0E0E51EA020718BF46F00106CD
:1097700016EB0E7655F1000254F1000103D5BDE859
:109780008901BDE80088BDE88901BDE80048B61937
:10979000524141EB0101A3F10103704780807F7EBC
:1097A0007D7C7B7A79787776767574737271717057
:1097B0006F6E6E6D6C6C6B6A6A6968686766666509
:1097C0006464636362616160605F5F5E5E5D5D5C97
:1097D0005C5B5B5A5A595958585757565655555508
:1097E0005454535352525251515050504F4F4F4E68
:1097F0004E4D4D4D4C4C4C4B4B4B4A4A4A494949B6
:1098000048484847474747464646454545444444F7
:1098100044434343434242424241414110B546EA38
:1098200006464FEA164646EA42564FEAD22242EA36
:1098300041524FEAD121A3F57053A3F1010300F087
:109840002FF820F0004000F0004700F1020CBCF5BA
:10985000006F01EB0050114640EA070000D210BD36
:10986000BAF1000F0AD01CB503B44FF004004FF05A
:1098700004014FF000000FBCBDE810404FF00001A4
:10988000BBF1010FB9BF04484FF0FF31034800217D
:1098900040EA070010BD00BFFFFFEF7F0000F07F30
:1098A0009C46002B30D477002BD04FEA37071CB5ED
:1098B00003B44FF010004FF01001BAF1000F06D0C2
:1098C000BCF1000FDCBF40F0080040F008014FF091
:1098D00000000FBCBDE810400BF1010BBBF1010F04
:1098E00008BF5FEA170722BF12F1010211F101015F
:1098F0004FF0004143F1000300F0004043EA000054
:109900007047F9D35708D0E746EA06464FEA1646AD
:1099100013F1400F1FDD13F1200FDFBF16430A467E
:10992000002120335B42BED0C3F1200746EA064641
:109930004FEA164602FA07F746EA070622FA03F24A
:10994000C3F1200701FA07F742EA070221FA03F1FF
:109950004FF00003A7E746EA020646EA06464FEA4A
:10996000164646EA0106BCBF46EA0646360C4FF0EC
:1099700000034FF000024FF0000194E72DE9804C06
:1099800070B49A46934691E8380007C831EA400C13
:1099900048BF34EA430C03D5FFF7A4FDFFF780FF6F
:1099A000F0BCBDE8008C2DE9804C70B49A4693461B
:1099B00091E8380007C831EA400C48BF34EA430C4C
:1099C00003D5FFF78FFDFFF729FFF0BCBDE8008C42
:1099D0002DE9804C70B49A46934691E8380007C848
:1099E00010F0804F08BF13F0804F03D100F01AF839
:1099F000FFF756FFF0BCBDE8008C2DE9804C70B439
:109A00009A46934691E8380007C810F0804F08BF87
:109A100013F0804F03D100F005F8FFF7FFFEF0BC14
:109A2000BDE8008C20F07F4723F07F4C80EA0300E4
:109A300000F0004007EB0C03A3F57C53A3F1FE03F9
:109A400092F0000F00F0B38095F0000F00F07780E7
:109A50002DE901494FEA114021EA00484FEA144636
:109A600024EA064700FB06FC08FB06F607FB08F89D
:109A700018EB06484CEB164C00FB07F718EB0748B1
:109A80004CEB17404FEA124B22EA0B4E4FEA1546B9
:109A900025EA06470BFB06FC0EFB06F607FB0EFE4F
:109AA0001EEB064E4CEB164C0BFB07F71EEB074E5E
:109AB0004CEB174B18EB0B0840F1000018EB0E0BAA
:109AC00058EB000840F100008F1A4FF000014FF0F2
:109AD00000063CBFC943661B14BFB5EB040C002154
:109AE0003CBFC943F61B4FEA174427EA04454FEA37
:109AF0001C472CEA074C04FB076205FB07F70CFB2D
:109B000005F616EB074642EB174204FB0CFC16EB7E
:109B10000C4642EB1C421BEB060658EB020241418D
:109B20004EEA8E0E46EA9E0601D5BDE80189B619B9
:109B3000524141EB0101A3F10103BDE801894FEA64
:109B4000144524EA05464FEA114721EA074C05FB74
:109B500007F406FB07F70CFB06F111EB074144EB9A
:109B6000174405FB0CFC11EB0C4144EB1C444FEA81
:109B7000124722EA074C05FB07F206FB07F70CFB2E
:109B800006F616EB074642EB174205FB0CFC16EBFC
:109B90000C4642EB1C456A1854F1000148BF70475F
:109BA000B619524141EB0101A3F10103704795F051
:109BB000000F37D04FEA114221EA02464FEA14471C
:109BC00024EA074C02FB07F106FB07F70CFB06F43F
:109BD00014EB074441EB174102FB0CFC14EB0C4463
:109BE00041EB1C414FEA154725EA074C02FB07F5FC
:109BF00006FB07F70CFB06F616EB074645EB174589
:109C000002FB0CFC16EB0C4645EB1C42121951F101
:109C1000000148BF7047B619524141EB0101A3F161
:109C2000010370474FEA144524EA05464FEA1147FD
:109C300021EA074C05FB07F106FB07F70CFB06F2D0
:109C400012EB074241EB174105FB0CFC12EB0C42F7
:109C500051EB1C414FF0000648BF7047921841EB92
:109C60000101A3F101037047490050EAC12018BF68
:109C700004204A0D18BF40F0010040F2FF72B2EB21
:109C8000515F08BF40F00200012808BF052070475F
:109C900040F2013200204FF0E04100F093BA0000A2
:109CA000024A0020110700F08DBA000001FDFFFFFD
:109CB00010B50446D1E9000100F002F8206010BDA3
:109CC000F8B504460D466A4600F06AF800987E3002
:109CD000009000281EDC002213462046294600F092
:109CE00037F917D0002140F608004FF00000064673
:109CF0002046294600F0E6F8044640F6080006EA49
:109D000000014FF0000034F0004004BF0220F8F7DB
:109D100081F829E00098FF2828DB002108464FF051
:109D2000000000F44006002213462046294600F0B9
:109D3000D5F98CBF002501250220F8F76BF84FF00C
:109D4000FF4446B1002D0CBF4FF400004FF48000DB
:109D5000B04218BF084C042108464FF00000002D07
:109D600004BF84F00040F8BD2046F8BD20462946D7
:109D7000BDE8F84000F0A6B8FFFF7F7F10B50446AD
:109D80000A46D4E90003194600F036F8C4E9000198
:109D900010BD30380A2801D20120704700207047DA
:109DA00010B5144600222260114A21F0004393426C
:109DB000A8BF10BD53EA000208BF10BDB3F5801F55
:109DC000A8BF226807DA362200F0FCF96FF03502EE
:109DD00021F000432260DFF81CC06FF31E510CEB32
:109DE00023531A4441F0FF5141F00051226010BD4D
:109DF0000000F07F02FCFFFF2DE9F04106460C4613
:109E000040F2FF75174635EA14502BD00022134656
:109E1000304600F09DF825D03A463046214600F005
:109E2000D1F906460C4635EA145010D000221346EC
:109E3000304600F08DF815D10220F7F7EBFFFFF761
:109E40002FFF0A46214662F31E01BDE8F081022081
:109E5000F7F7E0FFFFF71CFF0A46214662F31E01F9
:109E6000BDE8F08130462146BDE8F08110B50029FB
:109E70000AD00878002807D005487844F6F770FD26
:109E8000002801D0002010BD0248784410BD000019
:109E9000D6250000CE25000010B500290AD008788C
:109EA000002807D005487844F6F75AFD002801D06D
:109EB000002010BD0248784410BD0000BA26000002
:109EC000B226000021F0004201F00043A2F16052EE
:109ED000B2F5801F28BFD2F17F6C0BD95FEA001C5E
:109EE00043EAC20242EB507018BF704728BF20F00F
:109EF00001007047B2F5801FBCBF184670474FEA9B
:109F0000410C1CF5001F02D2084600F01DB970B5C7
:109F100000F096F800000089FFF7F6BF4FF0004010
:109F2000A0F580007047000002494FF0000000F0EB
:109F300017B900BF0000F87F491058BFC1F1404178
:109F40005B1058BFC3F140438B42EFF30080704772
:109F500051EA030C17D41CF5801F58BFBCF5801FB5
:109F600000F10680994218BF704708BF90427047C1
:109F700007D711F5801F58BF13F5801F19D49942D8
:109F80007047894270471CF5801F08D5BCF5801FBB
:109F9000F7D58B4218BF704708BF824270474FF415
:109FA000001C1CEB410F38BF1CEB430F01D28B424E
:109FB000704770B500F044F8922449004FF000510A
:109FC0004FF08053FFF7B8BF51EA030C17D41CF5CC
:109FD000801F58BFBCF5801F00F10680994218BF52
:109FE000704708BF9042704707D711F5801F58BFD0
:109FF00013F5801F19D499427047894270471CF5A8
:10A00000801F08D5BCF5801FF7D58B4218BF70475D
:10A0100008BF824270474FF4001C1CEB410F38BF51
:10A020001CEB430F01D28B42704770B500F008F86B
:10A03000922449004FF000514FF08053FFF77CBF4E
:10A040000EF1020E2EF0030E5EF8046B364205D4BC
:10A05000012A43EB030515F5001F12D8012841EB37
:10A06000010C1CF5001F0CD80ED14FEAD17C0CEB73
:10A070004C0C0CF1020C15F5001F08BF4CEBD37C07
:10A0800004E04FF0080C01E04FEAD37C0CEB4C05E8
:10A0900026FA05F606F00706B6F1040C06D20EEB1A
:10A0A000860CBDE870404CF0010C6047DFE80CF016
:10A0B000090B02024FF00041A1F500214FF0000012
:10A0C00070BD19461046012851EB010418BFD4F5A4
:10A0D000001484BF002001F0004170BD53EA010C60
:10A0E00017D41CF5801F58BFBCF5801F00F10680F7
:10A0F0008B4218BF704708BF8242704707D713F5DD
:10A10000801F58BF11F5801F19D48B4270479B42A6
:10A1100070471CF5801F08D5BCF5801FF7D5994204
:10A1200018BF704708BF904270474FF4001C1CEBEB
:10A13000430F38BF1CEB410F01D2994270470FB457
:10A140000CBC03BCFFF771BFFF2141EAD050C00532
:10A1500070474FF000007047F6F7A5BDF7F74EBB0C
:10A160000CF00F03092B08BF082000F05F800A2BBA
:10A170000BD0082B18BF704708BF1CF0400F0AD047
:10A180004FF000004FF0000170471CF0400F18BF67
:10A190004FF0004070471CF0100F08D000F07F42D5
:10A1A00020F0704342EAD3014FEA4370704700F059
:10A1B000604021F07F4242EA000201F07F4040EA25
:10A1C000727070474FF0FF0C4CF4E06C1CEA1153B6
:10A1D0001CBF9CEA030C9445C2BFDA4201EB02515A
:10A1E0007047002B0DD0BCF1000F0FD001F00041E3
:10A1F000002AA4BF41F0E04141F07F614FF0000030
:10A20000704701F000414FF00000704750EA013301
:10A210004FF09B0C18BF4CF0806C7FF485AE7047FC
:10A22000F7F7AEB8F7F70ABEF7F798BF1CF4801F30
:10A2300011D01CF4E02F03D06FEACC3149007047F5
:10A240004FF04050EFF3008222F0704242EA0002E9
:10A2500082F3008870474FF000007047303132338E
:10A26000343536373839414243444546403058004A
:10A27000303132333435363738396162636465667C
:10A2800040307800040000080000000000000002D8
:10A2900000010000100000000000000000000000AD
:10A2A000303132333435363738396162636465664C
:10A2B00078700030313233343536373839414243E3
:10A2C000444546585000000002400000000000A035
:10A2D0000000000005400000000000C80000000071
:10A2E0000C4000000000409C0000000019400000ED
:10A2F0000020BCBE0000000034400000BFC91B8E1F
:10A3000000000004B5400000504BCFD06607E2CFFC
:10A31000010000006C4100003E8251AADFEEA7342C
:10A3200001000000D9420000DCB5A0E23A301F97DE
:10A33000FFFFFFFFB4450000FD25A0C8E9A3C14F02
:10A34000FFFFFFFFFF3F0000000000800000000053
:10A35000FF3F000000000080000000007CC00008FB
:10A3600090C0000895C000089AC0000853544D33AF
:10A3700032463130334338543600000000000000CC
:10A3800000000000000000000000000000000000CD
:10A3900000000000000000000000000000000000BD
:10A3A0000000000000000000000000003679304A84
:10A3B0004D55464934320000000000000000000006
:10A3C000000000000000000000000000000000008D
:10A3D000000000000000000000000000000000007D
:10A3E000000000000000000000000000000000006D
:10A3F000000000000000000000000000000000005D
:10A40000000000000000000000000000000000004C
:10A41000000000000000000000000000000000003C
:10A42000000000000000000000000000008060F854
:10A4300047404444447F444444444000010000FFFA
:10A4400040404444447F44444444400000020CC023
:10A450000020A464A43F2464A420200002027F0002
:10A46000808944462B122A4680810000008060F8D3
:10A4700047404444447F444444444000010000FFBA
:10A4800040404444447F44444444400000020CC0E3
:10A490000020A464A43F2464A420200002027F00C2
:10A4A000808944462B122A4680810000008060F893
:10A4B00047404444447F444444444000010000FF7A
:10A4C00040404444447F44444444400000020CC0A3
:10A4D0000020A464A43F2464A420200002027F0082
:10A4E000808944462B122A4680810000008060F853
:10A4F00047404444447F444444444000010000FF3A
:10A5000040404444447F44444444400000020CC062
:10A510000020A464A43F2464A420200002027F0041
:10A52000808944462B122A4680810000008060F812
:10A5300047404444447F444444444000010000FFF9
:10A5400040404444447F44444444400000020CC022
:10A550000020A464A43F2464A420200002027F0001
:10A56000808944462B122A4680810000008060F8D2
:10A5700047404444447F444444444000010000FFB9
:10A5800040404444447F444444444000000000C0F0
:10A5900080808080808080FC84808080808080C0FB
:10A5A000C0000000000000FF7F404040404040FFEE
:10A5B00040404040404040FF7F000000000000005D
:10A5C000000000000000007F70000000000000009C
:10A5D000000000000000000000000000000000007B
:10A5E000000000FCF8000000000000000000000077
:10A5F0000000000000000000FFFE02020202020252
:10A60000020202FFFF020202020202020202FF0332
:10A6100000000000000000001F1F040404040404E4
:10A62000040404FFFF0404040404040404041F00DD
:10A63000000000000000000000000000000000001A
:10A640000000007F3F00000000000000000000004C
:10A6500000000000000000000000000000000000FA
:10A6600000000000000000000000000000000000EA
:10A6700000F8F8F0F070200000000000000000007A
:10A6800000000000000000000000000000000000CA
:10A69000000000000000000000000000800000003A
:10A6A00000000000000000000000000000000000AA
:10A6B00000FFFFFFFF00000000000000000000009E
:10A6C000000000000000000080800000000000008A
:10A6D00000000000000000000000000000FFFFFE7E
:10A6E000060606060606060606060606060606060A
:10A6F00006FFFFFFFF060606060606060606060616
:10A7000006060606060606FFFFFFFF07020000001A
:10A7100000000000000000000000000000FFFFFF3C
:10A720000000000000000000000000000000000029
:10A7300000FFFFFFFF00000000000000000000001D
:10A7400000000000000000FFFFFFFF00000000000D
:10A7500000000000000000000000000000FFFFFFFC
:10A760001818181818181818181818181818181869
:10A7700018FFFFFFFF1818181818181818181818BD
:10A7800018181818181818FFFFFFFF000000000025
:10A7900000000000000000000000000002010100B5
:10A7A00000000000000000000000000000000000A9
:10A7B00000FFFFFFFF00000000000000000000009D
:10A7C0000000000000000001010000000000000087
:10A7D0000000000000000000000000000000000079
:10A7E0000000000000000000000000000000000069
:10A7F00000FFFFFFFF00000000000000000000005D
:10A800000000000000000000000000000000000048
:10A810000000000000000000000000000000000038
:10A820000000000000000000000000000000000028
:10A83000001F1F0F0F0000000000000000000000BC
:10A840000000000000000000000000000000000008
:10A8500000000000000001000200010003000100F0
:10A8600002000100040001000200010003000100D9
:10A8700002000100050001000200010003000100C8
:10A8800002000100040001000200010003000100B9
:10A8900002000100060001000200010003000100A7
:10A8A0000200010004000100020001000300010099
:10A8B0000200010005000100020001000300010088
:10A8C0000200010004000100020001000300010079
:10A8D0000200010007000100020001000300010066
:10A8E0000200010004000100020001000300010059
:10A8F0000200010005000100020001000300010048
:10A900000200010004000100020001000300010038
:10A910000200010006000100020001000300010026
:10A920000200010004000100020001000300010018
:10A930000200010005000100020001000300010007
:10A9400002000100040001000200010003000100F8
:10A95000020001000000000000000000002F0000C5
:10A9600000000700070000147F147F1400242A7FD2
:10A970002A12006264081323003649552250000051
:10A980000503000000001C224100000041221C00C1
:10A990000014083E08140008083E0808000000A043
:10A9A000600000080808080800006060000000203F
:10A9B00010080402003E5149453E0000427F40001D
:10A9C000004261514946002141454B3100181412A3
:10A9D0007F10002745454539003C4A494930000170
:10A9E0007109050300364949493600064949291EBF
:10A9F0000000363600000000563600000008142221
:10AA00004100001414141414000041221408000220
:10AA10000151090600324959513E007C1211127C45
:10AA2000007F49494936003E41414122007F414172
:10AA3000221C007F49494941007F09090901003E64
:10AA40004149497A007F0808087F0000417F4100A2
:10AA5000002040413F01007F08142241007F404018
:10AA60004040007F020C027F007F0408107F003E00
:10AA70004141413E007F09090906003E4151215EE6
:10AA8000007F091929460046494949310001017FE3
:10AA90000101003F4040403F001F2040201F003F79
:10AAA0004038403F0063140814630007087008072B
:10AAB00000615149454300007F41410000552A553E
:10AAC0002A55000041417F000004020102040040B9
:10AAD00040404040000001020400002054545478DB
:10AAE000007F4844443800384444442000384444FB
:10AAF000487F00385454541800087E090102001899
:10AB0000A4A4A47C007F080404780000447D4000D5
:10AB1000004080847D00007F102844000000417FB9
:10AB20004000007C04180478007C08040478003895
:10AB30004444443800FC242424180018242418FC1D
:10AB4000007C0804040800485454542000043F4486
:10AB50004020003C4040207C001C2040201C003C49
:10AB60004030403C004428102844001CA0A0A07C99
:10AB7000004464544C4414141414141400000000D1
:10AB800000000000000000000000FC0000000000C9
:10AB900002000000000C020C020000000000000097
:10ABA00090D0BCD0BC900003000300001824FE44E9
:10ABB0008C000302070201001824D8B04C80000367
:10ABC00000010201C038E438E00001020201020283
:10ABD000080600000000000000000000000000F86F
:10ABE0000402000000010204000204F80000000456
:10ABF000020100009060F860900000000100000079
:10AC00002020FC20200000000100000000000000C7
:10AC10000000080600000000202020202000000086
:10AC20000000000000000000000000020000000022
:10AC30000080601C0200040300000000F80404040B
:10AC4000F8000102020201000008FC0000000002FE
:10AC500003020000188444241800030202020200C8
:10AC600008042424D80001020202010040B088FC3C
:10AC700080000000000302003C242424C4000102E0
:10AC800002020100F824242CC0000102020201008B
:10AC90000C04E41C0400000003000000D824242459
:10ACA000D80001020202010038444444F8000003C5
:10ACB000020201000000100000000000020000007D
:10ACC0000000200000000000060000000020508866
:10ACD000040200000000010290909090900000009B
:10ACE0000000000000020488502000020100000063
:10ACF0001804C4241800000002000000F804E494C2
:10AD0000F80001020202020000E09CF08000020351
:10AD10000000030204FC2424D80002030202010004
:10AD2000F80404040C0001020202010004FC040403
:10AD3000F80002030202010004FC24740C00020368
:10AD40000202030004FC24740C0002030200000051
:10AD5000F0080444CC4000010202010004FC202061
:10AD6000FC040203000003020404FC0404000202C9
:10AD700003020200000404FC0404060404030000AF
:10AD800004FC24D00C0402030200030204FC0400AF
:10AD90000000020302020203FC3CC03CFC00030072
:10ADA0000300030004FC30C4FC040203020003009F
:10ADB000F8040404F80001020202010004FC242447
:10ADC0001800020302000000F8848404F800010265
:10ADD0000207050004FC2464980002030200030239
:10ADE000182424448C000302020201000C04FC0419
:10ADF0000C0000020302000004FC0000FC0400013F
:10AE000002020100047C80E01C040000030000003A
:10AE10001CE03CE01C00000300030000049C609C5C
:10AE20000400020300030200041CE01C04000002F2
:10AE3000030200000C84641C0400020302020300ED
:10AE40000000FE020200000007040400000E30C0F3
:10AE50000000000000010200000202FE00000004E9
:10AE600004070000000402040000000000000000CD
:10AE700000000000000008080808080800000200A0
:10AE800000000000000000000040A0A0C000000181
:10AE90000202030204FC2020C000000302020100A1
:10AEA00000C02020600000010202020000C0202437
:10AEB000FC0000010202030200C0A0A0C0000001CB
:10AEC000020202000020F82424040002030202000F
:10AED0000040A0A0602000070A0A0A0404FC202009
:10AEE000C0000203020003020020E4000000000290
:10AEF00003020000000020E400000808080700002A
:10AF000004FC80E020200203020003020404FC0091
:10AF10000000020203020200E020E020C000030063
:10AF20000300030020E02020C0000203020003020F
:10AF300000C02020C00000010202010020E020200B
:10AF4000C000080F0A02010000C02020E00000013C
:10AF5000020A0F0820E04020200002030200000047
:10AF60000060A0A020000002020203000020F820E0
:10AF7000000000000102020020E00020E0000001CB
:10AF80000202030220E02080602000000301000094
:10AF90006080E080600000030003000020608060AB
:10AFA000200002030003020020E020806020080847
:10AFB000070100000020A060200000020302020040
:10AFC000000020DE0200000000070400000000FF77
:10AFD00000000000000F00000002DE20000000045E
:10AFE000070000000201020404020000000000004B
:10AFF0000000000000000000000000000000000051
:10B00000000000F8000000000000003330000000E5
:10B0100000100C06100C06000000000000000000EC
:10B0200040C07840C0784000043F04043F0404005E
:10B03000007088FC08300000001820FF211E00006E
:10B04000F008F000E018000000211C031E211E0083
:10B0500000F00888700000001E2123241927211009
:10B0600010160E00000000000000000000000000AC
:10B07000000000E018040200000000071820400053
:10B0800000020418E0000000004020180700000043
:10B09000404080F0804040000202010F01020200A7
:10B0A000000000F0000000000101011F010101008B
:10B0B000000000000000000080B0700000000000F0
:10B0C0000000000000000000000101010101010179
:10B0D0000000000000000000003030000000000010
:10B0E00000000000806018040060180601000000E5
:10B0F00000E010080810E000000F102020100F00E2
:10B10000001010F8000000000020203F2020000068
:10B1100000700808088870000030282422213000C0
:10B1200000300888884830000018202020110E00C8
:10B130000000C02010F8000000070424243F240071
:10B1400000F80888880808000019212020110E0046
:10B1500000E0108888180000000F112020110E0058
:10B1600000380808C83808000000003F0000000050
:10B170000070880808887000001C222121221C0011
:10B1800000E010080810E0000000312222110F003A
:10B19000000000C0C00000000000003030000000CF
:10B1A000000000800000000000008060000000003F
:10B1B0000000804020100800000102040810200058
:10B1C00040404040404040000404040404040400A3
:10B1D0000008102040800000002010080402010038
:10B1E000007048080808F000000000303601000038
:10B1F000C030C828E810E0000718272423140B00EB
:10B200000000C038E0000000203C23020227382064
:10B2100008F8888888700000203F202020110E0048
:10B22000C03008080808380007182020201008003F
:10B2300008F808080810E000203F202020100F0028
:10B2400008F88888E8081000203F202023201800F4
:10B2500008F88888E8081000203F2000030000005C
:10B26000C03008080838000007182020221E0200FD
:10B2700008F808000008F808203F210101213F20BC
:10B28000000808F8080800000020203F20200000E7
:10B2900000000808F8080800C08080807F000000D7
:10B2A00008F888C028180800203F20012638200010
:10B2B00008F8080000000000203F20202020300077
:10B2C00008F8F800F8F80800203F003F003F200091
:10B2D00008F830C00008F808203F200007183F0099
:10B2E000E01008080810E0000F10202020100F00C8
:10B2F00008F808080808F000203F210101010000BB
:10B30000E01008080810E0000F18242438504F00FF
:10B3100008F8888888887000203F2000030C3020BF
:10B3200000708808080838000038202121221C00FD
:10B33000180808F8080818000000203F2000000046
:10B3400008F808000008F808001F202020201F002F
:10B350000878880000C83808000007380E0100008F
:10B36000F80800F80008F800033C0700073C030059
:10B37000081868808068180820302C03032C3020BF
:10B380000838C800C83808000000203F200000002E
:10B3900010080808C8380800203826212020180086
:10B3A000000000FE020202000000007F404040005A
:10B3B000000C30C000000000000000010638C00092
:10B3C00000020202FE000000004040407F0000003A
:10B3D000000004020202040000000000000000005F
:10B3E000000000000000000080808080808080805D
:10B3F0000002020400000000000000000000000045
:10B4000000008080808000000019242222223F203A
:10B4100008F8008080000000003F112020110E007D
:10B420000000008080800000000E1120202011000C
:10B43000000000808088F800000E112020103F20BE
:10B440000000808080800000001F22222222130042
:10B45000008080F0888888180020203F202000008D
:10B460000000808080808000006B94949493600042
:10B4700008F8008080800000203F210000203F204D
:10B4800000809898000000000020203F202000004D
:10B49000000000809898000000C08080807F00003D
:10B4A00008F8000080808000203F24022D3020001A
:10B4B000000808F8000000000020203F20200000C5
:10B4C0008080808080808000203F20003F20003FDF
:10B4D0008080008080800000203F210000203F20ED
:10B4E0000000808080800000001F202020201F009E
:10B4F000808000808000000080FFA12020110E00CD
:10B500000000008080808000000E112020A0FF80BD
:10B51000808080008080800020203F21200001006A
:10B5200000008080808080000033242424241900BF
:10B53000008080E0808000000000001F20200000CC
:10B540008080000000808000001F202020103F200D
:10B55000808080000080808000010E30080601009D
:10B5600080800080008080800F300C030C300F0042
:10B5700000808000808080000020312E0E3120006D
:10B58000808080000080808080818E70180601009D
:10B5900000808080808080000021302C22213000BB
:10B5A00000000000807C020200000000003F4040DC
:10B5B00000000000FF00000000000000FF0000008D
:10B5C0000002027C800000000040403F00000000BC
:10B5D0000006010102020404000000000000000057
:10B5E0000000000000000000010203040607080933
:10B5F000000C014008000000000C01401000000099
:10B60000000C014020000000000C01404000000040
:10B610000000000001020304B94E0008BD48000804
:10B620002D490008094E0008654E0008054B00082A
:10B6300075490008414C00080D470008054D0008F9
:10B64000B54700081550000811500008E1440008F3
:10B65000B94F000855460008C5460008F1450008E6
:10B660000D4500085945000871450008BD45000812
:10B67000B54F0008ED4F0008B1460008636C6561E6
:10B680007200636C65617220746865207465726D08
:10B69000696E616C2073637265656E0076657273A6
:10B6A000696F6E0073686F772052542D546872650D
:10B6B00061642076657273696F6E20696E666F7261
:10B6C0006D6174696F6E006C6973745F7468726524
:10B6D0006164006C69737420746872656164006CE5
:10B6E0006973745F73656D006C6973742073656D45
:10B6F0006170686F726520696E2073797374656D0F
:10B70000006C6973745F6D75746578006C6973742F
:10B71000206D7574657820696E2073797374656D1A
:10B72000006C6973745F6D73677175657565006C26
:10B73000697374206D6573736167652071756575D4
:10B740006520696E2073797374656D006C6973741C
:10B750005F6D656D706F6F6C006C697374206D65E3
:10B760006D6F727920706F6F6C20696E20737973C2
:10B7700074656D006C6973745F74696D6572006CDB
:10B780006973742074696D657220696E20737973B2
:10B7900074656D006C697374006C697374206F62FA
:10B7A0006A656374730068656C700052542D546848
:10B7B00072656164207368656C6C2068656C702EBE
:10B7C000007073004C6973742074687265616473EF
:10B7D00020696E207468652073797374656D2E001E
:10B7E000667265650053686F7720746865206D65C3
:10B7F0006D6F727920757361676520696E2074685A
:10B80000652073797374656D2E007265626F6F7455
:10B81000005265626F6F742053797374656D006CAC
:10B820006564006C656420636F6E74726F6C203A9F
:10B83000206F6E202F206F6666202F20626C696E4D
:10B840006B202F2062726561746865202F206D6FF8
:10B850006465202F206272696768746E6573730077
:10B860005BC1000890C10008AEC1000865C10008B6
:10B87000CDC100086DC1000896C10008BEC1000816
:10B880007BC10008A6C100085EC10008B6C100085F
:10B89000080068617264206661756C74206F6E20A8
:10B8A00068616E646C65720D0A0D0A0068617264ED
:10B8B000206661756C74206F6E20746872656164B7
:10B8C0003A2025730D0A0D0A00455350383236369A
:10B8D0002041542074657374204641494C454421ED
:10B8E0000A004D5154542073756273637269626526
:10B8F00064210A004D51545420636F6E6669677568
:10B90000726564210A004D51545420636F6E6E6558
:10B9100063746564210A005769466920636F6E6E1F
:10B920006563746564210A004D51545420616C7242
:10B930006561647920636F6E6E6563746564210A66
:10B940000057694669206D6F64653A202564202898
:10B95000313D5354412C20323D41502C20333D5336
:10B9600054412B4150290A005B6D7174745D205362
:10B9700045545F5245504C592073656E74202863BE
:10B980006F64653D2564290A005365742053746112
:10B9900074696F6E206D6F6465204641494C454463
:10B9A0002120286572726F723D2564290A004D516D
:10B9B000545420636F6E666967204641494C454484
:10B9C0002120286572726F723D2564290A0057692B
:10B9D000466920636F6E6E656374204641494C452D
:10B9E000442120286572726F723D2564290A005B2C
:10B9F0006D7174745D205345545F5245504C59200D
:10BA00004641494C20286572723D2564290A002070
:10BA1000206C6564206F6E202020202020202020B4
:10BA200020202020202020202020205475726E20ED
:10BA30006F6E204C45442028626C696E6B2F6272D9
:10BA40006561746865206279206D6F6465290A00FC
:10BA5000556E6B6E6F776E206D6F64653A2025733F
:10BA600020286770696F7C70776D290A00576946D6
:10BA70006920616C726561647920636F6E6E6563C5
:10BA8000746564202849503A202573290A005065BE
:10BA900072696F64206F7574206F662072616E67C3
:10BAA0006520283530307E3130303030206D7329BC
:10BAB0000A00496E74657276616C206F7574206F30
:10BAC000662072616E6765202835307E35303030F3
:10BAD000206D73290A0020206C6564206272656104
:10BAE000746865205B6D735D20202020202020205D
:10BAF00020205365742062726561746865207065EA
:10BB000072696F6420283530307E31303030306DCE
:10BB100073290A0020206C656420626C696E6B20BA
:10BB20005B6D735D202020202020202020202020FD
:10BB300053657420626C696E6B20696E74657276F1
:10BB4000616C202835307E353030306D73290A0025
:10BB5000436F6E6E656374696E67204D5154542E49
:10BB60002E2E0A0053657474696E67205769466902
:10BB700020746F2053746174696F6E206D6F6465FB
:10BB80002E2E2E0A0057694669206E6F7420636F4F
:10BB90006E6E65637465642C20636F6E6E6563748E
:10BBA000696E672E2E2E0A004D51545420616C721E
:10BBB0006561647920636F6E666967757265642C70
:10BBC000207265636F6E6E656374696E672E2E2ECC
:10BBD0000A004D515454206E6F7420636F6E6E6571
:10BBE000637465642C20636865636B696E672057B6
:10BBF0006946692E2E2E0A000A205C207C202F0A1E
:10BC0000006D656D206D616E616765206661756CA4
:10BC1000743A0A007573616765206661756C743AE1
:10BC20000A00627573206661756C743A0A00557378
:10BC30006167653A206C6564206D6F6465203C67C0
:10BC400070696F7C70776D3E0A0055736167653A65
:10BC5000206C65642062726561746865203C3530D3
:10BC6000307E3130303030206D733E0A00557361C4
:10BC700067653A206C656420626C696E6B203C35A8
:10BC8000307E35303030206D733E0A0020206C65E8
:10BC900064206F6666202020202020202020202085
:10BCA00020202020202020205475726E206F666690
:10BCB000204C45440A005343422D3E424641523AED
:10BCC000253038580A005343422D3E4D4D41523ADB
:10BCD000253038580A0055736167653A206C6973DE
:10BCE00074205B6F7074696F6E735D0A00706572AB
:10BCF000696F6469630A004F6E654E657420534531
:10BD0000543A20256420757064617465642C206346
:10BD1000623D25642C207265706C793D25640A00B3
:10BD200020206C6564206D6F64652070776D202025
:10BD300020202020202020202020202053776974DC
:10BD4000636820746F2050574D206272656174687B
:10BD500065206D6F64650A0020206C6564206D6F3E
:10BD60006465206770696F2020202020202020201B
:10BD70002020202053776974636820746F20475017
:10BD8000494F20626C696E6B206D6F64650A004DCF
:10BD900051545420636F6E6E656374204641494C64
:10BDA00045442120726573657474696E6720636F02
:10BDB0006E66696720666C61670A006661696C651A
:10BDC0006420766563746F722066657463680A0028
:10BDD00020202573206C6F6E672070726573736509
:10BDE00064202D207370656369616C2061637469E0
:10BDF0006F6E0A004C4544206D6F64653A20677091
:10BE0000696F0A00252D2A2E732070726920207315
:10BE100074617475732020202020207370202020EE
:10BE20002020737461636B2073697A65206D61787B
:10BE30002075736564206C656674207469636B207B
:10BE4000206572726F720A0043757272656E74209B
:10BE50006D6F64653A2025730A005B4B45595D2080
:10BE60002573206576656E743A2025730A002020BC
:10BE70002020746872656164202D206C69737420C1
:10BE8000746872656164730A004C4544206272658F
:10BE90006174686520706572696F643A202564205A
:10BEA0006D730A0043757272656E7420627265610B
:10BEB00074686520706572696F643A202564206D2E
:10BEC000730A004C454420626C696E6B20696E7485
:10BED000657276616C3A202564206D730A004375A3
:10BEE0007272656E7420626C696E6B20696E746527
:10BEF0007276616C3A202564206D730A0020202040
:10BF00002074696D6572202D206C697374207469CA
:10BF10006D6572730A006465627567206576656E8B
:10BF2000740A006F6E652073686F740A0072303097
:10BF30003A203078253038780A007230313A203093
:10BF400078253038780A007230323A20307825303F
:10BF500038780A007230333A203078253038780A41
:10BF6000007230343A203078253038780A00707307
:10BF7000723A203078253038780A0020696E69746A
:10BF80002020200020636C6F7365202000207265E4
:10BF9000616479202000494E5650432000554E419F
:10BFA0004C49474E45442000494E56535441544550
:10BFB00020004441434356494F4C200049414343EC
:10BFC00056494F4C200044495642595A45524F2039
:10BFD000004E4F435020004D53544B4552522000C9
:10BFE0004D554E53544B4552522000494D505245E9
:10BFF000434953455252200049425553455252201D
:10C0000000554E444546494E535452200053434236
:10C010005F434653525F424653523A30782530329E
:10C020005820005343425F434653525F4D4653529C
:10C030003A30782530325820005343425F4346530C
:10C04000525F554653523A307825303258200064BA
:10C050006561637469766174656420006D7368203E
:10C0600000252D2A2E2A732030782530387820306C
:10C070007825303878200022696422004B455931F8
:10C08000003679304A4D5546493432004D51320020
:10C090004B455932004B455933004B4559340053F9
:10C0A000544D33324631303343385436002B4D51E2
:10C0B0005454535542524543563A003E0041424380
:10C0C0000076657273696F6E3D323031382D3130D4
:10C0D0002D3331267265733D70726F6475637473AE
:10C0E0002532463679304A4D554649343225324656
:10C0F0006465766963657325324653544D33324621
:10C10000313033433854362665743D313830353656
:10C110003933383731266D6574686F643D6D643529
:10C12000267369676E3D4F36395A4954536A4151F7
:10C13000755056367074306B6E45636725334425F1
:10C140003344004253505F4C45440054454D5045E4
:10C15000524154555245004F4646004F4B00454909
:10C160004E56414C0045525346554C4C00454E4F9F
:10C170004D454D0046414E004F4E0045494F004E43
:10C180004542554C495A45520042555A5A4552006B
:10C190004552524F5200454E4F535953004154009F
:10C1A0004C494748540045494E5452505400455458
:10C1B000494D4F55540045554E4B4E4F5700454243
:10C1C0005553590048554D49444954590045525317
:10C1D0004550545900256300757365725F7375632C
:10C1E0006300746872656164002073757370656EB6
:10C1F00064006D73677175657565007472756500AF
:10C200006F6666002072756E6E696E67006D656D93
:10C21000706F6F6C006D717474732E6865636C6FF2
:10C220007564732E636F6D00247379732F367930C4
:10C230004A4D55464934322F53544D3332463130EE
:10C2400033433854362F6F74612F696E666F726D89
:10C250000070776D006F6E006770696F0069514FF5
:10C260004F204E656F382050726F00686561700016
:10C2700074696D657200257300247379732F3679A4
:10C28000304A4D55464934322F53544D333246319E
:10C290003033433854362F7468696E672F70726F6D
:10C2A00070657274792F67657400247379732F3603
:10C2B00079304A4D55464934322F53544D33324626
:10C2C000313033433854362F7468696E672F70727B
:10C2D0006F70657274792F736574006D757465780D
:10C2E00000247379732F3679304A4D5546493432DC
:10C2F0002F53544D333246313033433854362F7434
:10C3000068696E672F70726F70657274792F706FC5
:10C3100073742F7265706C7900222573223A7B2228
:10C3200076616C7565223A25647D00006392000891
:10C3300029910008E59200087F920008F992000810
:10C340009392000815920008519000082592000869
:10C35000F3900008E9910008B59100086F92000879
:10C3600037930008F18F0008E98F0008E58F000877
:10C3700099500008ED8F00087CB6000882B60008CE
:10C38000354100089CB60008A4B600084193000897
:10C39000C7B60008D3B6000835640008DFB6000849
:10C3A000E8B600082963000801B700080CB70008C8
:10C3B0002562000821B700082FB70008196100089E
:10C3C0004CB7000859B70008BD5F000874B70008F3
:10C3D0007FB700083166000894B7000899B70008D5
:10C3E000C5410008A6B70008ABB70008157A0008D9
:10C3F000C1B70008C4B70008FD420008E0B7000854
:10C40000E5B70008494100080AB8000811B800085B
:10C41000D97F00081FB8000823B80008015A000897
:10C4200080C5000800000020A000000050010008A6
:10C4300020C60008A0000020304B0000700100085A
:10C44000000000000000F07FFFFFFFFFFFFFEF7F15
:10C450001001000043000000F8FFFFFF00404040D3
:10C4600040404040404041414141414040404040C7
:10C470004040404040404040404040404005020273
:10C480000202020202020202020202020220202032
:10C49000202020202020200202020202020290908E
:10C4A000909090901010101010101010101010108C
:10C4B00010101010101010100202020202028888E0
:10C4C00088888888080808080808080808080808EC
:10C4D00008080808080808080202020240000000D4
:10C4E000000000000000000000000000000000004C
:10C4F000000000000000000000000000000000003C
:10C50000000000000000000000000000000000002B
:10C51000000000000000000000000000000000001B
:10C52000000000000000000000000000000000000B
:10C5300000000000000000000000000000000000FB
:10C5400000000000000000000000000000000000EB
:10C5500000000000000000000000000000000000DB
:10C560001C00000043000000F8FFFFFF0C0000006B
:10C570000E0000000F0000002E0000000000000070
:10C5800001010000F4010000C40900006E6F745F37
:10C5900064657465637465640000000000127A00CD
:10C5A000010000002400002024000020780000008A
:10C5B00002000000340000203400002020000000B1
:10C5C000030000004400002044000020240000007C
:10C5D0000600000054000020540000203C00000031
:10C5E0000800000064000020640000203400000007
:10C5F0000A00000074000020740000202C000000DD
:10C600000C000000840000208400002028000000AE
:10C61000900000209000002020000000000000009A
:04000005080000ED02
:00000001FF
